data_source,mode,property_id,analysis_unit_id,resource_family_id,executor_id,dimension,scope,cut,status,upper_bound,relation,assumptions,coverage_gaps,unknown_reasons,evidence_refs
source_fixture_12_cases,full,resource-property-v1.2:4ae1cfa96736dff93ca76b20,java-callable-v1:fixture.lifecyclev11.SourcePairsScale001.s6UnresolvedExecutor(I)V,family:17ae64a6e90319ae6055888f,,close_obligation,all_exits,all_modeled_exits,unknown,,,[],"[""executor_receiver_identity_unresolved"", ""exit_state_missing:event:0305a1adf3a6165bf1fb0fed""]","[""executor_receiver_identity_unresolved"", ""exit_state_missing:event:0305a1adf3a6165bf1fb0fed""]","[""lifecycle-fact:f89f5d6b16e789ac13854706""]"
source_fixture_12_cases,full,resource-property-v1.2:7e3ed23e5e5013d393993345,java-callable-v1:fixture.lifecyclev11.SourcePairsScale001.s6UnresolvedExecutor(I)V,family:17ae64a6e90319ae6055888f,,item_size_bytes,per_instance,all_modeled_exits,unknown,,,[],"[""executor_receiver_identity_unresolved"", ""exit_state_missing:event:0305a1adf3a6165bf1fb0fed""]","[""executor_receiver_identity_unresolved"", ""exit_state_missing:event:0305a1adf3a6165bf1fb0fed""]","[""lifecycle-fact:f89f5d6b16e789ac13854706""]"
source_fixture_12_cases,full,resource-property-v1.2:f240ecf4c3a26ba65ebba057,java-callable-v1:fixture.lifecyclev11.SourcePairsScale001.s6UnresolvedExecutor(I)V,family:17ae64a6e90319ae6055888f,,held_instances,all_exits,all_modeled_exits,unknown,,,[],"[""executor_receiver_identity_unresolved"", ""exit_state_missing:event:0305a1adf3a6165bf1fb0fed""]","[""executor_receiver_identity_unresolved"", ""exit_state_missing:event:0305a1adf3a6165bf1fb0fed""]","[""lifecycle-fact:f89f5d6b16e789ac13854706""]"
source_fixture_12_cases,disable_cross_event_propagation,resource-property-v1.2:4ae1cfa96736dff93ca76b20,java-callable-v1:fixture.lifecyclev11.SourcePairsScale001.s6UnresolvedExecutor(I)V,family:17ae64a6e90319ae6055888f,,close_obligation,all_exits,all_modeled_exits,unknown,,,[],"[""cross_event_propagation_disabled"", ""executor_receiver_identity_unresolved"", ""exit_state_missing:event:0305a1adf3a6165bf1fb0fed"", ""exit_state_missing:event:e8de37c4b0d471a0cc11a3f1""]","[""cross_event_propagation_disabled"", ""executor_receiver_identity_unresolved"", ""exit_state_missing:event:0305a1adf3a6165bf1fb0fed"", ""exit_state_missing:event:e8de37c4b0d471a0cc11a3f1""]","[""ablation:disable-cross-event:java-callable-v1:fixture.lifecyclev11.SourcePairsScale001.s6UnresolvedExecutor(I)V:family:17ae64a6e90319ae6055888f:close_obligation"", ""lifecycle-fact:f89f5d6b16e789ac13854706""]"
source_fixture_12_cases,disable_cross_event_propagation,resource-property-v1.2:7e3ed23e5e5013d393993345,java-callable-v1:fixture.lifecyclev11.SourcePairsScale001.s6UnresolvedExecutor(I)V,family:17ae64a6e90319ae6055888f,,item_size_bytes,per_instance,all_modeled_exits,unknown,,,[],"[""cross_event_propagation_disabled"", ""executor_receiver_identity_unresolved"", ""exit_state_missing:event:0305a1adf3a6165bf1fb0fed"", ""exit_state_missing:event:e8de37c4b0d471a0cc11a3f1""]","[""cross_event_propagation_disabled"", ""executor_receiver_identity_unresolved"", ""exit_state_missing:event:0305a1adf3a6165bf1fb0fed"", ""exit_state_missing:event:e8de37c4b0d471a0cc11a3f1""]","[""ablation:disable-cross-event:java-callable-v1:fixture.lifecyclev11.SourcePairsScale001.s6UnresolvedExecutor(I)V:family:17ae64a6e90319ae6055888f:item_size_bytes"", ""lifecycle-fact:f89f5d6b16e789ac13854706""]"
source_fixture_12_cases,disable_cross_event_propagation,resource-property-v1.2:f240ecf4c3a26ba65ebba057,java-callable-v1:fixture.lifecyclev11.SourcePairsScale001.s6UnresolvedExecutor(I)V,family:17ae64a6e90319ae6055888f,,held_instances,all_exits,all_modeled_exits,unknown,,,[],"[""cross_event_propagation_disabled"", ""executor_receiver_identity_unresolved"", ""exit_state_missing:event:0305a1adf3a6165bf1fb0fed"", ""exit_state_missing:event:e8de37c4b0d471a0cc11a3f1""]","[""cross_event_propagation_disabled"", ""executor_receiver_identity_unresolved"", ""exit_state_missing:event:0305a1adf3a6165bf1fb0fed"", ""exit_state_missing:event:e8de37c4b0d471a0cc11a3f1""]","[""ablation:disable-cross-event:java-callable-v1:fixture.lifecyclev11.SourcePairsScale001.s6UnresolvedExecutor(I)V:family:17ae64a6e90319ae6055888f:held_instances"", ""lifecycle-fact:f89f5d6b16e789ac13854706""]"
source_fixture_12_cases,full,resource-property-v1.2:18ad7959644611f04244a931,java-callable-v1:fixture.lifecyclev11.SourcePairsScale001.s6SupportedExecutor(I)V,,executor-contract:e27f73dafac3aa443eb4dfc2,accepted_task_population,executor:executor-contract:e27f73dafac3aa443eb4dfc2,arbitrary_finite_repetitions,bounded,5,"q<=K, a<=W, q+a<=K+W","[""q counts accepted tasks in the modeled executor queue"", ""a counts reserved or running tasks in the modeled executor"", ""each external acceptance denotes a fresh task population member"", ""task phase changes do not create a second population member"", ""derived invariants: 0 <= q <= K, 0 <= a <= W, q + a <= K + W"", ""proof is inductive for arbitrary finite repetitions, not one unrolling"", ""arbitrary_finite_repetitions_of_external_accept""]",[],[],"[""executor-contract:e27f73dafac3aa443eb4dfc2"", ""lifecycle-fact:09d7666988500ce38b2f032d"", ""lifecycle-fact:2762a6a4d56bb3171fe3e4c4"", ""lifecycle-fact:3681d9e29038744cd1d8033c"", ""lifecycle-fact:c64edceb272177ce16674941""]"
source_fixture_12_cases,full,resource-property-v1.2:2d6e8346fc6030417dc8ac6f,java-callable-v1:fixture.lifecyclev11.SourcePairsScale001.s6SupportedExecutor(I)V,family:c16339a043cbcd2aae4cc202,,close_obligation,all_exits,all_modeled_exits,unknown,,,[],"[""async_consumer_contract_unmodeled"", ""exit_state_missing:event:baeb2eb769a69d6f8db63ae3"", ""task_cancellation_unmodeled:task:574aa7731546e5bf9d141431"", ""task_rejection_continuation_unknown:task:574aa7731546e5bf9d141431"", ""task_termination_not_guaranteed:task:574aa7731546e5bf9d141431""]","[""async_consumer_contract_unmodeled"", ""exit_state_missing:event:baeb2eb769a69d6f8db63ae3"", ""task_cancellation_unmodeled:task:574aa7731546e5bf9d141431"", ""task_rejection_continuation_unknown:task:574aa7731546e5bf9d141431"", ""task_termination_not_guaranteed:task:574aa7731546e5bf9d141431""]","[""lifecycle-fact:3681d9e29038744cd1d8033c""]"
source_fixture_12_cases,full,resource-property-v1.2:3e86ba948d21e6da0a843e90,java-callable-v1:fixture.lifecyclev11.SourcePairsScale001.s6SupportedExecutor(I)V,family:c16339a043cbcd2aae4cc202,,close_obligation,all_tasks_terminated_after_request,all_tasks_terminated_after_request,unknown,,,"[""conditional on reaching the recorded exit slice; termination is not guaranteed"", ""result aggregates independently checked recorded paths, not a single merged trace""]","[""async_consumer_contract_unmodeled"", ""exit_state_missing:event:baeb2eb769a69d6f8db63ae3""]","[""async_consumer_contract_unmodeled"", ""exit_state_missing:event:baeb2eb769a69d6f8db63ae3""]","[""family:c16339a043cbcd2aae4cc202"", ""instance:d772bfe2cc7236e73858d99d"", ""lifecycle-fact:09d7666988500ce38b2f032d"", ""lifecycle-fact:113a583ae462186520d214c4"", ""lifecycle-fact:3681d9e29038744cd1d8033c"", ""lifecycle-fact:c64edceb272177ce16674941"", ""lifecycle-fact:f02caab5ed49c51fb7f5e526"", ""lifecycle-fact:f28fd12109fd1e7fdc6ab2bd""]"
source_fixture_12_cases,full,resource-property-v1.2:50ac2cfb943d8161623c4611,java-callable-v1:fixture.lifecyclev11.SourcePairsScale001.s6SupportedExecutor(I)V,family:c16339a043cbcd2aae4cc202,,held_instances,after_task_termination:task:574aa7731546e5bf9d141431:exceptional,after_task_termination:exceptional,unknown,,,"[""conditional on reaching the recorded exit slice; termination is not guaranteed"", ""result aggregates independently checked recorded paths, not a single merged trace""]","[""exit_state_missing:event:baeb2eb769a69d6f8db63ae3""]","[""exit_state_missing:event:baeb2eb769a69d6f8db63ae3""]","[""family:c16339a043cbcd2aae4cc202"", ""instance:d772bfe2cc7236e73858d99d"", ""lifecycle-fact:09d7666988500ce38b2f032d"", ""lifecycle-fact:113a583ae462186520d214c4"", ""lifecycle-fact:3681d9e29038744cd1d8033c"", ""lifecycle-fact:f02caab5ed49c51fb7f5e526"", ""lifecycle-fact:f28fd12109fd1e7fdc6ab2bd""]"
source_fixture_12_cases,full,resource-property-v1.2:6f4b6fd9e2de4e222165e3a9,java-callable-v1:fixture.lifecyclev11.SourcePairsScale001.s6SupportedExecutor(I)V,family:c16339a043cbcd2aae4cc202,,held_instances,after_task_termination:task:574aa7731546e5bf9d141431:normal,after_task_termination:normal,unknown,,,"[""conditional on reaching the recorded exit slice; termination is not guaranteed"", ""result aggregates independently checked recorded paths, not a single merged trace""]","[""exit_state_missing:event:baeb2eb769a69d6f8db63ae3""]","[""exit_state_missing:event:baeb2eb769a69d6f8db63ae3""]","[""family:c16339a043cbcd2aae4cc202"", ""instance:d772bfe2cc7236e73858d99d"", ""lifecycle-fact:113a583ae462186520d214c4"", ""lifecycle-fact:3681d9e29038744cd1d8033c"", ""lifecycle-fact:c64edceb272177ce16674941"", ""lifecycle-fact:f02caab5ed49c51fb7f5e526"", ""lifecycle-fact:f28fd12109fd1e7fdc6ab2bd""]"
source_fixture_12_cases,full,resource-property-v1.2:70556420b728c8ce5e4c1255,java-callable-v1:fixture.lifecyclev11.SourcePairsScale001.s6SupportedExecutor(I)V,family:c16339a043cbcd2aae4cc202,,item_size_bytes,per_instance,all_modeled_exits,unknown,,,[],"[""exit_state_missing:event:baeb2eb769a69d6f8db63ae3""]","[""exit_state_missing:event:baeb2eb769a69d6f8db63ae3""]",[]
source_fixture_12_cases,full,resource-property-v1.2:756069175ca2b7c9c6f1d475,java-callable-v1:fixture.lifecyclev11.SourcePairsScale001.s6SupportedExecutor(I)V,family:c16339a043cbcd2aae4cc202,,close_obligation,after_task_termination:task:574aa7731546e5bf9d141431:exceptional,after_task_termination:exceptional,unknown,,,"[""conditional on reaching the recorded exit slice; termination is not guaranteed"", ""result aggregates independently checked recorded paths, not a single merged trace""]","[""exit_state_missing:event:baeb2eb769a69d6f8db63ae3""]","[""exit_state_missing:event:baeb2eb769a69d6f8db63ae3""]","[""family:c16339a043cbcd2aae4cc202"", ""instance:d772bfe2cc7236e73858d99d"", ""lifecycle-fact:09d7666988500ce38b2f032d"", ""lifecycle-fact:113a583ae462186520d214c4"", ""lifecycle-fact:3681d9e29038744cd1d8033c"", ""lifecycle-fact:f02caab5ed49c51fb7f5e526"", ""lifecycle-fact:f28fd12109fd1e7fdc6ab2bd""]"
source_fixture_12_cases,full,resource-property-v1.2:7f9d7244bc8ee71cadd79c1b,java-callable-v1:fixture.lifecyclev11.SourcePairsScale001.s6SupportedExecutor(I)V,family:c16339a043cbcd2aae4cc202,,held_instances,all_tasks_terminated_after_request,all_tasks_terminated_after_request,unknown,,,"[""conditional on reaching the recorded exit slice; termination is not guaranteed"", ""result aggregates independently checked recorded paths, not a single merged trace""]","[""exit_state_missing:event:baeb2eb769a69d6f8db63ae3""]","[""exit_state_missing:event:baeb2eb769a69d6f8db63ae3""]","[""family:c16339a043cbcd2aae4cc202"", ""instance:d772bfe2cc7236e73858d99d"", ""lifecycle-fact:09d7666988500ce38b2f032d"", ""lifecycle-fact:113a583ae462186520d214c4"", ""lifecycle-fact:3681d9e29038744cd1d8033c"", ""lifecycle-fact:c64edceb272177ce16674941"", ""lifecycle-fact:f02caab5ed49c51fb7f5e526"", ""lifecycle-fact:f28fd12109fd1e7fdc6ab2bd""]"
source_fixture_12_cases,full,resource-property-v1.2:e3468f5eb6fb347cc34f1163,java-callable-v1:fixture.lifecyclev11.SourcePairsScale001.s6SupportedExecutor(I)V,family:c16339a043cbcd2aae4cc202,,close_obligation,after_task_termination:task:574aa7731546e5bf9d141431:normal,after_task_termination:normal,unknown,,,"[""conditional on reaching the recorded exit slice; termination is not guaranteed"", ""result aggregates independently checked recorded paths, not a single merged trace""]","[""exit_state_missing:event:baeb2eb769a69d6f8db63ae3""]","[""exit_state_missing:event:baeb2eb769a69d6f8db63ae3""]","[""family:c16339a043cbcd2aae4cc202"", ""instance:d772bfe2cc7236e73858d99d"", ""lifecycle-fact:113a583ae462186520d214c4"", ""lifecycle-fact:3681d9e29038744cd1d8033c"", ""lifecycle-fact:c64edceb272177ce16674941"", ""lifecycle-fact:f02caab5ed49c51fb7f5e526"", ""lifecycle-fact:f28fd12109fd1e7fdc6ab2bd""]"
source_fixture_12_cases,full,resource-property-v1.2:f12bfc6e9e1b02414158bc56,java-callable-v1:fixture.lifecyclev11.SourcePairsScale001.s6SupportedExecutor(I)V,family:c16339a043cbcd2aae4cc202,,held_instances,task_queue:executor-contract:e27f73dafac3aa443eb4dfc2:holder:81c559a5b47a57d3204a3569:event:ff3c61d3c30182c6412b4573,all_modeled_exits,unknown,,,[],"[""exit_state_missing:event:baeb2eb769a69d6f8db63ae3""]","[""exit_state_missing:event:baeb2eb769a69d6f8db63ae3""]","[""executor-contract:e27f73dafac3aa443eb4dfc2"", ""lifecycle-fact:09d7666988500ce38b2f032d"", ""lifecycle-fact:2762a6a4d56bb3171fe3e4c4"", ""lifecycle-fact:3681d9e29038744cd1d8033c"", ""lifecycle-fact:c64edceb272177ce16674941""]"
source_fixture_12_cases,disable_cross_event_propagation,resource-property-v1.2:18ad7959644611f04244a931,java-callable-v1:fixture.lifecyclev11.SourcePairsScale001.s6SupportedExecutor(I)V,,executor-contract:e27f73dafac3aa443eb4dfc2,accepted_task_population,executor:executor-contract:e27f73dafac3aa443eb4dfc2,arbitrary_finite_repetitions,unknown,,,"[""q counts accepted tasks in the modeled executor queue"", ""a counts reserved or running tasks in the modeled executor"", ""each external acceptance denotes a fresh task population member"", ""task phase changes do not create a second population member"", ""derived invariants: 0 <= q <= K, 0 <= a <= W, q + a <= K + W"", ""proof is inductive for arbitrary finite repetitions, not one unrolling"", ""arbitrary_finite_repetitions_of_external_accept""]","[""executor_population_binding_unavailable""]","[""executor_population_binding_unavailable""]","[""executor-contract:e27f73dafac3aa443eb4dfc2"", ""lifecycle-fact:2762a6a4d56bb3171fe3e4c4""]"
source_fixture_12_cases,disable_cross_event_propagation,resource-property-v1.2:2d6e8346fc6030417dc8ac6f,java-callable-v1:fixture.lifecyclev11.SourcePairsScale001.s6SupportedExecutor(I)V,family:c16339a043cbcd2aae4cc202,,close_obligation,all_exits,all_modeled_exits,unknown,,,[],"[""async_consumer_contract_unmodeled"", ""cross_event_propagation_disabled"", ""exit_state_missing:event:baeb2eb769a69d6f8db63ae3"", ""exit_state_missing:event:d992f8e530046db17e83a10d""]","[""async_consumer_contract_unmodeled"", ""cross_event_propagation_disabled"", ""exit_state_missing:event:baeb2eb769a69d6f8db63ae3"", ""exit_state_missing:event:d992f8e530046db17e83a10d""]","[""ablation:disable-cross-event:java-callable-v1:fixture.lifecyclev11.SourcePairsScale001.s6SupportedExecutor(I)V:family:c16339a043cbcd2aae4cc202:close_obligation"", ""lifecycle-fact:3681d9e29038744cd1d8033c""]"
source_fixture_12_cases,disable_cross_event_propagation,resource-property-v1.2:70556420b728c8ce5e4c1255,java-callable-v1:fixture.lifecyclev11.SourcePairsScale001.s6SupportedExecutor(I)V,family:c16339a043cbcd2aae4cc202,,item_size_bytes,per_instance,all_modeled_exits,unknown,,,[],"[""cross_event_propagation_disabled"", ""exit_state_missing:event:baeb2eb769a69d6f8db63ae3"", ""exit_state_missing:event:d992f8e530046db17e83a10d""]","[""cross_event_propagation_disabled"", ""exit_state_missing:event:baeb2eb769a69d6f8db63ae3"", ""exit_state_missing:event:d992f8e530046db17e83a10d""]","[""ablation:disable-cross-event:java-callable-v1:fixture.lifecyclev11.SourcePairsScale001.s6SupportedExecutor(I)V:family:c16339a043cbcd2aae4cc202:item_size_bytes""]"
source_fixture_12_cases,disable_cross_event_propagation,resource-property-v1.2:f12bfc6e9e1b02414158bc56,java-callable-v1:fixture.lifecyclev11.SourcePairsScale001.s6SupportedExecutor(I)V,family:c16339a043cbcd2aae4cc202,,held_instances,task_queue:executor-contract:e27f73dafac3aa443eb4dfc2:holder:81c559a5b47a57d3204a3569:event:ff3c61d3c30182c6412b4573,all_modeled_exits,unknown,,,[],"[""cross_event_propagation_disabled"", ""executor_population_binding_unavailable"", ""exit_state_missing:event:baeb2eb769a69d6f8db63ae3"", ""exit_state_missing:event:d992f8e530046db17e83a10d"", ""population_induction_unproven"", ""queue_writer_structure_unverified""]","[""cross_event_propagation_disabled"", ""executor_population_binding_unavailable"", ""exit_state_missing:event:baeb2eb769a69d6f8db63ae3"", ""exit_state_missing:event:d992f8e530046db17e83a10d"", ""population_induction_unproven"", ""queue_writer_structure_unverified""]","[""ablation:disable-cross-event:java-callable-v1:fixture.lifecyclev11.SourcePairsScale001.s6SupportedExecutor(I)V:family:c16339a043cbcd2aae4cc202:held_instances"", ""executor-contract:e27f73dafac3aa443eb4dfc2"", ""lifecycle-fact:2762a6a4d56bb3171fe3e4c4""]"
source_fixture_12_cases,full,resource-property-v1.2:0b3036704c7d54c64b8f58ea,java-callable-v1:fixture.lifecyclev11.SourcePairsScale001.s5VerifiedCapacity(I)V,family:85d0ebe482ead66a66c130a0,,held_instances,after_task_termination:task:d5312a70c473b74ba533d7af:normal,after_task_termination:normal,unknown,,,"[""conditional on reaching the recorded exit slice; termination is not guaranteed"", ""result aggregates independently checked recorded paths, not a single merged trace""]","[""exit_state_missing:event:9505e7db455c34a44056d725""]","[""exit_state_missing:event:9505e7db455c34a44056d725""]","[""family:85d0ebe482ead66a66c130a0"", ""instance:8663c4e77010192fee939472"", ""lifecycle-fact:7b3616ae19c314a33cea8126"", ""lifecycle-fact:7e14bff23ba7266547270233"", ""lifecycle-fact:9e707dba414ac8ba3156cc78"", ""lifecycle-fact:c40892530bdc36720794976a"", ""lifecycle-fact:d318b03c8ca79ce4430b3ff3""]"
source_fixture_12_cases,full,resource-property-v1.2:227f5783c9efe579e98e0301,java-callable-v1:fixture.lifecyclev11.SourcePairsScale001.s5VerifiedCapacity(I)V,family:85d0ebe482ead66a66c130a0,,held_instances,after_task_termination:task:d5312a70c473b74ba533d7af:exceptional,after_task_termination:exceptional,unknown,,,"[""conditional on reaching the recorded exit slice; termination is not guaranteed"", ""result aggregates independently checked recorded paths, not a single merged trace""]","[""exit_state_missing:event:9505e7db455c34a44056d725""]","[""exit_state_missing:event:9505e7db455c34a44056d725""]","[""family:85d0ebe482ead66a66c130a0"", ""instance:8663c4e77010192fee939472"", ""lifecycle-fact:7b3616ae19c314a33cea8126"", ""lifecycle-fact:7e14bff23ba7266547270233"", ""lifecycle-fact:7fd00eb4e0cc45d1c468a36e"", ""lifecycle-fact:c40892530bdc36720794976a"", ""lifecycle-fact:d318b03c8ca79ce4430b3ff3""]"
source_fixture_12_cases,full,resource-property-v1.2:54aea9726e9d19ef7ca5c38b,java-callable-v1:fixture.lifecyclev11.SourcePairsScale001.s5VerifiedCapacity(I)V,family:85d0ebe482ead66a66c130a0,,held_instances,all_tasks_terminated_after_request,all_tasks_terminated_after_request,unknown,,,"[""conditional on reaching the recorded exit slice; termination is not guaranteed"", ""result aggregates independently checked recorded paths, not a single merged trace""]","[""exit_state_missing:event:9505e7db455c34a44056d725""]","[""exit_state_missing:event:9505e7db455c34a44056d725""]","[""family:85d0ebe482ead66a66c130a0"", ""instance:8663c4e77010192fee939472"", ""lifecycle-fact:7b3616ae19c314a33cea8126"", ""lifecycle-fact:7e14bff23ba7266547270233"", ""lifecycle-fact:7fd00eb4e0cc45d1c468a36e"", ""lifecycle-fact:9e707dba414ac8ba3156cc78"", ""lifecycle-fact:c40892530bdc36720794976a"", ""lifecycle-fact:d318b03c8ca79ce4430b3ff3""]"
source_fixture_12_cases,full,resource-property-v1.2:5f0d9d11214d1ef86e819ab2,java-callable-v1:fixture.lifecyclev11.SourcePairsScale001.s5VerifiedCapacity(I)V,family:85d0ebe482ead66a66c130a0,,close_obligation,all_exits,all_modeled_exits,unknown,,,[],"[""async_consumer_contract_unmodeled"", ""exit_state_missing:event:9505e7db455c34a44056d725"", ""task_cancellation_unmodeled:task:d5312a70c473b74ba533d7af"", ""task_rejection_continuation_unknown:task:d5312a70c473b74ba533d7af"", ""task_termination_not_guaranteed:task:d5312a70c473b74ba533d7af""]","[""async_consumer_contract_unmodeled"", ""exit_state_missing:event:9505e7db455c34a44056d725"", ""task_cancellation_unmodeled:task:d5312a70c473b74ba533d7af"", ""task_rejection_continuation_unknown:task:d5312a70c473b74ba533d7af"", ""task_termination_not_guaranteed:task:d5312a70c473b74ba533d7af""]","[""lifecycle-fact:7b3616ae19c314a33cea8126""]"
source_fixture_12_cases,full,resource-property-v1.2:6e266051585998c85cdcc359,java-callable-v1:fixture.lifecyclev11.SourcePairsScale001.s5VerifiedCapacity(I)V,family:85d0ebe482ead66a66c130a0,,held_instances,task_queue:executor-contract:e27f73dafac3aa443eb4dfc2:holder:b715f80f58453c61c0b1d044:event:5f15568bd531cee1d79fd84b,all_modeled_exits,unknown,,,[],"[""exit_state_missing:event:9505e7db455c34a44056d725""]","[""exit_state_missing:event:9505e7db455c34a44056d725""]","[""executor-contract:e27f73dafac3aa443eb4dfc2"", ""lifecycle-fact:7b3616ae19c314a33cea8126"", ""lifecycle-fact:7fd00eb4e0cc45d1c468a36e"", ""lifecycle-fact:9e707dba414ac8ba3156cc78"", ""lifecycle-fact:e7afa2ea6bfb6d5f6f3681dc""]"
source_fixture_12_cases,full,resource-property-v1.2:78d5af07953ba1d6a89a8927,java-callable-v1:fixture.lifecyclev11.SourcePairsScale001.s5VerifiedCapacity(I)V,family:85d0ebe482ead66a66c130a0,,item_size_bytes,per_instance,all_modeled_exits,unknown,,,[],"[""exit_state_missing:event:9505e7db455c34a44056d725""]","[""exit_state_missing:event:9505e7db455c34a44056d725""]",[]
source_fixture_12_cases,full,resource-property-v1.2:9b72309ab86a1d686708a964,java-callable-v1:fixture.lifecyclev11.SourcePairsScale001.s5VerifiedCapacity(I)V,family:85d0ebe482ead66a66c130a0,,close_obligation,after_task_termination:task:d5312a70c473b74ba533d7af:exceptional,after_task_termination:exceptional,unknown,,,"[""conditional on reaching the recorded exit slice; termination is not guaranteed"", ""result aggregates independently checked recorded paths, not a single merged trace""]","[""exit_state_missing:event:9505e7db455c34a44056d725""]","[""exit_state_missing:event:9505e7db455c34a44056d725""]","[""family:85d0ebe482ead66a66c130a0"", ""instance:8663c4e77010192fee939472"", ""lifecycle-fact:7b3616ae19c314a33cea8126"", ""lifecycle-fact:7e14bff23ba7266547270233"", ""lifecycle-fact:7fd00eb4e0cc45d1c468a36e"", ""lifecycle-fact:c40892530bdc36720794976a"", ""lifecycle-fact:d318b03c8ca79ce4430b3ff3""]"
source_fixture_12_cases,full,resource-property-v1.2:b33b355042d3794c51846000,java-callable-v1:fixture.lifecyclev11.SourcePairsScale001.s5VerifiedCapacity(I)V,family:85d0ebe482ead66a66c130a0,,close_obligation,all_tasks_terminated_after_request,all_tasks_terminated_after_request,unknown,,,"[""conditional on reaching the recorded exit slice; termination is not guaranteed"", ""result aggregates independently checked recorded paths, not a single merged trace""]","[""async_consumer_contract_unmodeled"", ""exit_state_missing:event:9505e7db455c34a44056d725""]","[""async_consumer_contract_unmodeled"", ""exit_state_missing:event:9505e7db455c34a44056d725""]","[""family:85d0ebe482ead66a66c130a0"", ""instance:8663c4e77010192fee939472"", ""lifecycle-fact:7b3616ae19c314a33cea8126"", ""lifecycle-fact:7e14bff23ba7266547270233"", ""lifecycle-fact:7fd00eb4e0cc45d1c468a36e"", ""lifecycle-fact:9e707dba414ac8ba3156cc78"", ""lifecycle-fact:c40892530bdc36720794976a"", ""lifecycle-fact:d318b03c8ca79ce4430b3ff3""]"
source_fixture_12_cases,full,resource-property-v1.2:ec8b66b585c80f71054761c9,java-callable-v1:fixture.lifecyclev11.SourcePairsScale001.s5VerifiedCapacity(I)V,family:85d0ebe482ead66a66c130a0,,close_obligation,after_task_termination:task:d5312a70c473b74ba533d7af:normal,after_task_termination:normal,unknown,,,"[""conditional on reaching the recorded exit slice; termination is not guaranteed"", ""result aggregates independently checked recorded paths, not a single merged trace""]","[""exit_state_missing:event:9505e7db455c34a44056d725""]","[""exit_state_missing:event:9505e7db455c34a44056d725""]","[""family:85d0ebe482ead66a66c130a0"", ""instance:8663c4e77010192fee939472"", ""lifecycle-fact:7b3616ae19c314a33cea8126"", ""lifecycle-fact:7e14bff23ba7266547270233"", ""lifecycle-fact:9e707dba414ac8ba3156cc78"", ""lifecycle-fact:c40892530bdc36720794976a"", ""lifecycle-fact:d318b03c8ca79ce4430b3ff3""]"
source_fixture_12_cases,full,resource-property-v1.2:ed7dffd93ef521ac335076c8,java-callable-v1:fixture.lifecyclev11.SourcePairsScale001.s5VerifiedCapacity(I)V,,executor-contract:e27f73dafac3aa443eb4dfc2,accepted_task_population,executor:executor-contract:e27f73dafac3aa443eb4dfc2,arbitrary_finite_repetitions,bounded,5,"q<=K, a<=W, q+a<=K+W","[""q counts accepted tasks in the modeled executor queue"", ""a counts reserved or running tasks in the modeled executor"", ""each external acceptance denotes a fresh task population member"", ""task phase changes do not create a second population member"", ""derived invariants: 0 <= q <= K, 0 <= a <= W, q + a <= K + W"", ""proof is inductive for arbitrary finite repetitions, not one unrolling"", ""arbitrary_finite_repetitions_of_external_accept""]",[],[],"[""executor-contract:e27f73dafac3aa443eb4dfc2"", ""lifecycle-fact:7b3616ae19c314a33cea8126"", ""lifecycle-fact:7fd00eb4e0cc45d1c468a36e"", ""lifecycle-fact:9e707dba414ac8ba3156cc78"", ""lifecycle-fact:e7afa2ea6bfb6d5f6f3681dc""]"
source_fixture_12_cases,disable_cross_event_propagation,resource-property-v1.2:5f0d9d11214d1ef86e819ab2,java-callable-v1:fixture.lifecyclev11.SourcePairsScale001.s5VerifiedCapacity(I)V,family:85d0ebe482ead66a66c130a0,,close_obligation,all_exits,all_modeled_exits,unknown,,,[],"[""async_consumer_contract_unmodeled"", ""cross_event_propagation_disabled"", ""exit_state_missing:event:93b14580f15967e031a6979c"", ""exit_state_missing:event:9505e7db455c34a44056d725""]","[""async_consumer_contract_unmodeled"", ""cross_event_propagation_disabled"", ""exit_state_missing:event:93b14580f15967e031a6979c"", ""exit_state_missing:event:9505e7db455c34a44056d725""]","[""ablation:disable-cross-event:java-callable-v1:fixture.lifecyclev11.SourcePairsScale001.s5VerifiedCapacity(I)V:family:85d0ebe482ead66a66c130a0:close_obligation"", ""lifecycle-fact:7b3616ae19c314a33cea8126""]"
source_fixture_12_cases,disable_cross_event_propagation,resource-property-v1.2:6e266051585998c85cdcc359,java-callable-v1:fixture.lifecyclev11.SourcePairsScale001.s5VerifiedCapacity(I)V,family:85d0ebe482ead66a66c130a0,,held_instances,task_queue:executor-contract:e27f73dafac3aa443eb4dfc2:holder:b715f80f58453c61c0b1d044:event:5f15568bd531cee1d79fd84b,all_modeled_exits,unknown,,,[],"[""cross_event_propagation_disabled"", ""executor_population_binding_unavailable"", ""exit_state_missing:event:93b14580f15967e031a6979c"", ""exit_state_missing:event:9505e7db455c34a44056d725"", ""population_induction_unproven"", ""queue_writer_structure_unverified""]","[""cross_event_propagation_disabled"", ""executor_population_binding_unavailable"", ""exit_state_missing:event:93b14580f15967e031a6979c"", ""exit_state_missing:event:9505e7db455c34a44056d725"", ""population_induction_unproven"", ""queue_writer_structure_unverified""]","[""ablation:disable-cross-event:java-callable-v1:fixture.lifecyclev11.SourcePairsScale001.s5VerifiedCapacity(I)V:family:85d0ebe482ead66a66c130a0:held_instances"", ""executor-contract:e27f73dafac3aa443eb4dfc2"", ""lifecycle-fact:e7afa2ea6bfb6d5f6f3681dc""]"
source_fixture_12_cases,disable_cross_event_propagation,resource-property-v1.2:78d5af07953ba1d6a89a8927,java-callable-v1:fixture.lifecyclev11.SourcePairsScale001.s5VerifiedCapacity(I)V,family:85d0ebe482ead66a66c130a0,,item_size_bytes,per_instance,all_modeled_exits,unknown,,,[],"[""cross_event_propagation_disabled"", ""exit_state_missing:event:93b14580f15967e031a6979c"", ""exit_state_missing:event:9505e7db455c34a44056d725""]","[""cross_event_propagation_disabled"", ""exit_state_missing:event:93b14580f15967e031a6979c"", ""exit_state_missing:event:9505e7db455c34a44056d725""]","[""ablation:disable-cross-event:java-callable-v1:fixture.lifecyclev11.SourcePairsScale001.s5VerifiedCapacity(I)V:family:85d0ebe482ead66a66c130a0:item_size_bytes""]"
source_fixture_12_cases,disable_cross_event_propagation,resource-property-v1.2:ed7dffd93ef521ac335076c8,java-callable-v1:fixture.lifecyclev11.SourcePairsScale001.s5VerifiedCapacity(I)V,,executor-contract:e27f73dafac3aa443eb4dfc2,accepted_task_population,executor:executor-contract:e27f73dafac3aa443eb4dfc2,arbitrary_finite_repetitions,unknown,,,"[""q counts accepted tasks in the modeled executor queue"", ""a counts reserved or running tasks in the modeled executor"", ""each external acceptance denotes a fresh task population member"", ""task phase changes do not create a second population member"", ""derived invariants: 0 <= q <= K, 0 <= a <= W, q + a <= K + W"", ""proof is inductive for arbitrary finite repetitions, not one unrolling"", ""arbitrary_finite_repetitions_of_external_accept""]","[""executor_population_binding_unavailable""]","[""executor_population_binding_unavailable""]","[""executor-contract:e27f73dafac3aa443eb4dfc2"", ""lifecycle-fact:e7afa2ea6bfb6d5f6f3681dc""]"
source_fixture_12_cases,full,resource-property-v1.2:4deca4b5762a993208b6d601,java-callable-v1:fixture.lifecyclev11.SourcePairsScale001.s5UnknownCapacity(I)V,family:b8b0cfac665db69a72b5b1c6,,held_instances,all_exits,all_modeled_exits,unknown,,,[],"[""executor_contract_unresolved"", ""exit_state_missing:event:990af77eacd73181fe6cb03f""]","[""executor_contract_unresolved"", ""exit_state_missing:event:990af77eacd73181fe6cb03f""]","[""lifecycle-fact:6a309938e926f6a441d60f53""]"
source_fixture_12_cases,full,resource-property-v1.2:6483f20526359b5d362753d9,java-callable-v1:fixture.lifecyclev11.SourcePairsScale001.s5UnknownCapacity(I)V,family:b8b0cfac665db69a72b5b1c6,,item_size_bytes,per_instance,all_modeled_exits,unknown,,,[],"[""executor_contract_unresolved"", ""exit_state_missing:event:990af77eacd73181fe6cb03f""]","[""executor_contract_unresolved"", ""exit_state_missing:event:990af77eacd73181fe6cb03f""]","[""lifecycle-fact:6a309938e926f6a441d60f53""]"
source_fixture_12_cases,full,resource-property-v1.2:eb25795cfb7d98228d54a942,java-callable-v1:fixture.lifecyclev11.SourcePairsScale001.s5UnknownCapacity(I)V,family:b8b0cfac665db69a72b5b1c6,,close_obligation,all_exits,all_modeled_exits,unknown,,,[],"[""executor_contract_unresolved"", ""exit_state_missing:event:990af77eacd73181fe6cb03f""]","[""executor_contract_unresolved"", ""exit_state_missing:event:990af77eacd73181fe6cb03f""]","[""lifecycle-fact:6a309938e926f6a441d60f53""]"
source_fixture_12_cases,disable_cross_event_propagation,resource-property-v1.2:4deca4b5762a993208b6d601,java-callable-v1:fixture.lifecyclev11.SourcePairsScale001.s5UnknownCapacity(I)V,family:b8b0cfac665db69a72b5b1c6,,held_instances,all_exits,all_modeled_exits,unknown,,,[],"[""cross_event_propagation_disabled"", ""executor_contract_unresolved"", ""exit_state_missing:event:1631a62a5d5a754ec8ec21b2"", ""exit_state_missing:event:990af77eacd73181fe6cb03f""]","[""cross_event_propagation_disabled"", ""executor_contract_unresolved"", ""exit_state_missing:event:1631a62a5d5a754ec8ec21b2"", ""exit_state_missing:event:990af77eacd73181fe6cb03f""]","[""ablation:disable-cross-event:java-callable-v1:fixture.lifecyclev11.SourcePairsScale001.s5UnknownCapacity(I)V:family:b8b0cfac665db69a72b5b1c6:held_instances"", ""lifecycle-fact:6a309938e926f6a441d60f53""]"
source_fixture_12_cases,disable_cross_event_propagation,resource-property-v1.2:6483f20526359b5d362753d9,java-callable-v1:fixture.lifecyclev11.SourcePairsScale001.s5UnknownCapacity(I)V,family:b8b0cfac665db69a72b5b1c6,,item_size_bytes,per_instance,all_modeled_exits,unknown,,,[],"[""cross_event_propagation_disabled"", ""executor_contract_unresolved"", ""exit_state_missing:event:1631a62a5d5a754ec8ec21b2"", ""exit_state_missing:event:990af77eacd73181fe6cb03f""]","[""cross_event_propagation_disabled"", ""executor_contract_unresolved"", ""exit_state_missing:event:1631a62a5d5a754ec8ec21b2"", ""exit_state_missing:event:990af77eacd73181fe6cb03f""]","[""ablation:disable-cross-event:java-callable-v1:fixture.lifecyclev11.SourcePairsScale001.s5UnknownCapacity(I)V:family:b8b0cfac665db69a72b5b1c6:item_size_bytes"", ""lifecycle-fact:6a309938e926f6a441d60f53""]"
source_fixture_12_cases,disable_cross_event_propagation,resource-property-v1.2:eb25795cfb7d98228d54a942,java-callable-v1:fixture.lifecyclev11.SourcePairsScale001.s5UnknownCapacity(I)V,family:b8b0cfac665db69a72b5b1c6,,close_obligation,all_exits,all_modeled_exits,unknown,,,[],"[""cross_event_propagation_disabled"", ""executor_contract_unresolved"", ""exit_state_missing:event:1631a62a5d5a754ec8ec21b2"", ""exit_state_missing:event:990af77eacd73181fe6cb03f""]","[""cross_event_propagation_disabled"", ""executor_contract_unresolved"", ""exit_state_missing:event:1631a62a5d5a754ec8ec21b2"", ""exit_state_missing:event:990af77eacd73181fe6cb03f""]","[""ablation:disable-cross-event:java-callable-v1:fixture.lifecyclev11.SourcePairsScale001.s5UnknownCapacity(I)V:family:b8b0cfac665db69a72b5b1c6:close_obligation"", ""lifecycle-fact:6a309938e926f6a441d60f53""]"
source_fixture_12_cases,full,resource-property-v1.2:051eb403248a1bc795f2f38c,java-callable-v1:fixture.lifecyclev11.SourcePairsScale001.s4Direct(I)V,family:87ad539e57ce98fd231c7d0b,,close_obligation,all_exits,all_modeled_exits,bounded,0,,[],[],[],"[""instance:4a8f7bfa9d517e5e0d5aef15""]"
source_fixture_12_cases,full,resource-property-v1.2:20c42b0bf7a47253ca02533d,java-callable-v1:fixture.lifecyclev11.SourcePairsScale001.s4Direct(I)V,family:87ad539e57ce98fd231c7d0b,,held_instances,all_exits,all_modeled_exits,bounded,0,,[],[],[],[]
source_fixture_12_cases,full,resource-property-v1.2:d1d62e46055bb9999cf4385a,java-callable-v1:fixture.lifecyclev11.SourcePairsScale001.s4Direct(I)V,family:87ad539e57ce98fd231c7d0b,,item_size_bytes,per_instance,all_modeled_exits,unknown,,,[],"[""item_size_unknown""]","[""item_size_unknown""]","[""family:87ad539e57ce98fd231c7d0b""]"
source_fixture_12_cases,disable_cross_event_propagation,resource-property-v1.2:051eb403248a1bc795f2f38c,java-callable-v1:fixture.lifecyclev11.SourcePairsScale001.s4Direct(I)V,family:87ad539e57ce98fd231c7d0b,,close_obligation,all_exits,all_modeled_exits,bounded,0,,[],[],[],"[""instance:4a8f7bfa9d517e5e0d5aef15""]"
source_fixture_12_cases,disable_cross_event_propagation,resource-property-v1.2:20c42b0bf7a47253ca02533d,java-callable-v1:fixture.lifecyclev11.SourcePairsScale001.s4Direct(I)V,family:87ad539e57ce98fd231c7d0b,,held_instances,all_exits,all_modeled_exits,bounded,0,,[],[],[],[]
source_fixture_12_cases,disable_cross_event_propagation,resource-property-v1.2:d1d62e46055bb9999cf4385a,java-callable-v1:fixture.lifecyclev11.SourcePairsScale001.s4Direct(I)V,family:87ad539e57ce98fd231c7d0b,,item_size_bytes,per_instance,all_modeled_exits,unknown,,,[],"[""item_size_unknown""]","[""item_size_unknown""]","[""family:87ad539e57ce98fd231c7d0b""]"
source_fixture_12_cases,full,resource-property-v1.2:324c99a8b241131e5d1c4fd4,java-callable-v1:fixture.lifecyclev11.SourcePairsScale001.s4DepthTwo(I)V,family:1dd99b03185ca3a47af58b39,,item_size_bytes,per_instance,all_modeled_exits,unknown,,,[],"[""item_size_unknown""]","[""item_size_unknown""]","[""family:1dd99b03185ca3a47af58b39""]"
source_fixture_12_cases,full,resource-property-v1.2:47672930775250658d317dd2,java-callable-v1:fixture.lifecyclev11.SourcePairsScale001.s4DepthTwo(I)V,family:1dd99b03185ca3a47af58b39,,held_instances,all_exits,all_modeled_exits,bounded,0,,[],[],[],[]
source_fixture_12_cases,full,resource-property-v1.2:c04b10909f1696ebf4f07686,java-callable-v1:fixture.lifecyclev11.SourcePairsScale001.s4DepthTwo(I)V,family:1dd99b03185ca3a47af58b39,,close_obligation,all_exits,all_modeled_exits,bounded,0,,[],[],[],"[""instance:36797fc815902264661fb558""]"
source_fixture_12_cases,disable_cross_event_propagation,resource-property-v1.2:324c99a8b241131e5d1c4fd4,java-callable-v1:fixture.lifecyclev11.SourcePairsScale001.s4DepthTwo(I)V,family:1dd99b03185ca3a47af58b39,,item_size_bytes,per_instance,all_modeled_exits,unknown,,,[],"[""cross_event_propagation_disabled""]","[""cross_event_propagation_disabled""]","[""ablation:disable-cross-event:java-callable-v1:fixture.lifecyclev11.SourcePairsScale001.s4DepthTwo(I)V:family:1dd99b03185ca3a47af58b39:item_size_bytes""]"
source_fixture_12_cases,disable_cross_event_propagation,resource-property-v1.2:47672930775250658d317dd2,java-callable-v1:fixture.lifecyclev11.SourcePairsScale001.s4DepthTwo(I)V,family:1dd99b03185ca3a47af58b39,,held_instances,all_exits,all_modeled_exits,unknown,,,[],"[""cross_event_propagation_disabled""]","[""cross_event_propagation_disabled""]","[""ablation:disable-cross-event:java-callable-v1:fixture.lifecyclev11.SourcePairsScale001.s4DepthTwo(I)V:family:1dd99b03185ca3a47af58b39:held_instances""]"
source_fixture_12_cases,disable_cross_event_propagation,resource-property-v1.2:c04b10909f1696ebf4f07686,java-callable-v1:fixture.lifecyclev11.SourcePairsScale001.s4DepthTwo(I)V,family:1dd99b03185ca3a47af58b39,,close_obligation,all_exits,all_modeled_exits,unknown,,,[],"[""cross_event_propagation_disabled""]","[""cross_event_propagation_disabled""]","[""ablation:disable-cross-event:java-callable-v1:fixture.lifecyclev11.SourcePairsScale001.s4DepthTwo(I)V:family:1dd99b03185ca3a47af58b39:close_obligation""]"
source_fixture_12_cases,full,resource-property-v1.2:62d5c0e0eb3d1109731d66ac,java-callable-v1:fixture.lifecyclev11.SourcePairsScale001.s3MissingExceptionalClose(I)V,family:10879d6ceceb60a37af613ab,,item_size_bytes,per_instance,all_modeled_exits,unknown,,,[],"[""item_size_unknown""]","[""item_size_unknown""]","[""family:10879d6ceceb60a37af613ab""]"
source_fixture_12_cases,full,resource-property-v1.2:a88d058863bf2cde78d06127,java-callable-v1:fixture.lifecyclev11.SourcePairsScale001.s3MissingExceptionalClose(I)V,family:10879d6ceceb60a37af613ab,,held_instances,all_exits,all_modeled_exits,bounded,0,,[],[],[],[]
source_fixture_12_cases,full,resource-property-v1.2:c25f32e7b673b93a978a7376,java-callable-v1:fixture.lifecyclev11.SourcePairsScale001.s3MissingExceptionalClose(I)V,family:10879d6ceceb60a37af613ab,,close_obligation,all_exits,all_modeled_exits,unknown,,,[],"[""release_missing_exceptional_path""]","[""release_missing_exceptional_path""]","[""lifecycle-fact:9b43ea092b5ae21f49592479""]"
source_fixture_12_cases,disable_cross_event_propagation,resource-property-v1.2:62d5c0e0eb3d1109731d66ac,java-callable-v1:fixture.lifecyclev11.SourcePairsScale001.s3MissingExceptionalClose(I)V,family:10879d6ceceb60a37af613ab,,item_size_bytes,per_instance,all_modeled_exits,unknown,,,[],"[""item_size_unknown""]","[""item_size_unknown""]","[""family:10879d6ceceb60a37af613ab""]"
source_fixture_12_cases,disable_cross_event_propagation,resource-property-v1.2:a88d058863bf2cde78d06127,java-callable-v1:fixture.lifecyclev11.SourcePairsScale001.s3MissingExceptionalClose(I)V,family:10879d6ceceb60a37af613ab,,held_instances,all_exits,all_modeled_exits,bounded,0,,[],[],[],[]
source_fixture_12_cases,disable_cross_event_propagation,resource-property-v1.2:c25f32e7b673b93a978a7376,java-callable-v1:fixture.lifecyclev11.SourcePairsScale001.s3MissingExceptionalClose(I)V,family:10879d6ceceb60a37af613ab,,close_obligation,all_exits,all_modeled_exits,unknown,,,[],"[""release_missing_exceptional_path""]","[""release_missing_exceptional_path""]","[""lifecycle-fact:9b43ea092b5ae21f49592479""]"
source_fixture_12_cases,full,resource-property-v1.2:11a62f5c478f29c35e6ca23e,java-callable-v1:fixture.lifecyclev11.SourcePairsScale001.s3AllExitsClose(I)V,family:59763f737eedd460d88db5a5,,item_size_bytes,per_instance,all_modeled_exits,unknown,,,[],"[""item_size_unknown""]","[""item_size_unknown""]","[""family:59763f737eedd460d88db5a5""]"
source_fixture_12_cases,full,resource-property-v1.2:65830750b21ee0d4a4595f89,java-callable-v1:fixture.lifecyclev11.SourcePairsScale001.s3AllExitsClose(I)V,family:59763f737eedd460d88db5a5,,close_obligation,all_exits,all_modeled_exits,bounded,0,,[],[],[],"[""instance:d5dc737db520c469b05655af""]"
source_fixture_12_cases,full,resource-property-v1.2:c3dde46682249fe39e7652d9,java-callable-v1:fixture.lifecyclev11.SourcePairsScale001.s3AllExitsClose(I)V,family:59763f737eedd460d88db5a5,,held_instances,all_exits,all_modeled_exits,bounded,0,,[],[],[],[]
source_fixture_12_cases,disable_cross_event_propagation,resource-property-v1.2:11a62f5c478f29c35e6ca23e,java-callable-v1:fixture.lifecyclev11.SourcePairsScale001.s3AllExitsClose(I)V,family:59763f737eedd460d88db5a5,,item_size_bytes,per_instance,all_modeled_exits,unknown,,,[],"[""item_size_unknown""]","[""item_size_unknown""]","[""family:59763f737eedd460d88db5a5""]"
source_fixture_12_cases,disable_cross_event_propagation,resource-property-v1.2:65830750b21ee0d4a4595f89,java-callable-v1:fixture.lifecyclev11.SourcePairsScale001.s3AllExitsClose(I)V,family:59763f737eedd460d88db5a5,,close_obligation,all_exits,all_modeled_exits,bounded,0,,[],[],[],"[""instance:d5dc737db520c469b05655af""]"
source_fixture_12_cases,disable_cross_event_propagation,resource-property-v1.2:c3dde46682249fe39e7652d9,java-callable-v1:fixture.lifecyclev11.SourcePairsScale001.s3AllExitsClose(I)V,family:59763f737eedd460d88db5a5,,held_instances,all_exits,all_modeled_exits,bounded,0,,[],[],[],[]
source_fixture_12_cases,full,resource-property-v1.2:05b5a7149982b69e152e2ace,java-callable-v1:fixture.lifecyclev11.SourcePairsScale001.s2TaskOnly(I)V,family:2bf23d51a18e1af4fa3d0455,,held_instances,all_tasks_terminated_after_request,all_tasks_terminated_after_request,unknown,,,"[""conditional on reaching the recorded exit slice; termination is not guaranteed"", ""result aggregates independently checked recorded paths, not a single merged trace""]","[""exit_state_missing:event:d6c1a178e52d04b41fdf921a""]","[""exit_state_missing:event:d6c1a178e52d04b41fdf921a""]","[""family:2bf23d51a18e1af4fa3d0455"", ""instance:8b31a32d2e2dbdd66fb11e15"", ""lifecycle-fact:18fe4ae7664f717736cf33c0"", ""lifecycle-fact:46c0479c60fed2969186f9ac"", ""lifecycle-fact:5312ffa37588e0637efd619d"", ""lifecycle-fact:a7f479a28011527e797b9b41"", ""lifecycle-fact:b2d5a265f414d7e667871a91"", ""lifecycle-fact:c12a01cd8789fb9a85234abb""]"
source_fixture_12_cases,full,resource-property-v1.2:0963eff060ebbd6904b5fd98,java-callable-v1:fixture.lifecyclev11.SourcePairsScale001.s2TaskOnly(I)V,family:2bf23d51a18e1af4fa3d0455,,held_instances,after_task_termination:task:e15c601ee12964deed6200da:normal,after_task_termination:normal,unknown,,,"[""conditional on reaching the recorded exit slice; termination is not guaranteed"", ""result aggregates independently checked recorded paths, not a single merged trace""]","[""exit_state_missing:event:d6c1a178e52d04b41fdf921a""]","[""exit_state_missing:event:d6c1a178e52d04b41fdf921a""]","[""family:2bf23d51a18e1af4fa3d0455"", ""instance:8b31a32d2e2dbdd66fb11e15"", ""lifecycle-fact:18fe4ae7664f717736cf33c0"", ""lifecycle-fact:5312ffa37588e0637efd619d"", ""lifecycle-fact:a7f479a28011527e797b9b41"", ""lifecycle-fact:b2d5a265f414d7e667871a91"", ""lifecycle-fact:c12a01cd8789fb9a85234abb""]"
source_fixture_12_cases,full,resource-property-v1.2:0f560ace733b0111554eb2d3,java-callable-v1:fixture.lifecyclev11.SourcePairsScale001.s2TaskOnly(I)V,family:2bf23d51a18e1af4fa3d0455,,close_obligation,all_exits,all_modeled_exits,unknown,,,[],"[""async_consumer_contract_unmodeled"", ""exit_state_missing:event:d6c1a178e52d04b41fdf921a"", ""task_cancellation_unmodeled:task:e15c601ee12964deed6200da"", ""task_rejection_continuation_unknown:task:e15c601ee12964deed6200da"", ""task_termination_not_guaranteed:task:e15c601ee12964deed6200da""]","[""async_consumer_contract_unmodeled"", ""exit_state_missing:event:d6c1a178e52d04b41fdf921a"", ""task_cancellation_unmodeled:task:e15c601ee12964deed6200da"", ""task_rejection_continuation_unknown:task:e15c601ee12964deed6200da"", ""task_termination_not_guaranteed:task:e15c601ee12964deed6200da""]","[""lifecycle-fact:18fe4ae7664f717736cf33c0""]"
source_fixture_12_cases,full,resource-property-v1.2:42a2a2b960837769f5b620cc,java-callable-v1:fixture.lifecyclev11.SourcePairsScale001.s2TaskOnly(I)V,family:2bf23d51a18e1af4fa3d0455,,close_obligation,all_tasks_terminated_after_request,all_tasks_terminated_after_request,unknown,,,"[""conditional on reaching the recorded exit slice; termination is not guaranteed"", ""result aggregates independently checked recorded paths, not a single merged trace""]","[""async_consumer_contract_unmodeled"", ""exit_state_missing:event:d6c1a178e52d04b41fdf921a""]","[""async_consumer_contract_unmodeled"", ""exit_state_missing:event:d6c1a178e52d04b41fdf921a""]","[""family:2bf23d51a18e1af4fa3d0455"", ""instance:8b31a32d2e2dbdd66fb11e15"", ""lifecycle-fact:18fe4ae7664f717736cf33c0"", ""lifecycle-fact:46c0479c60fed2969186f9ac"", ""lifecycle-fact:5312ffa37588e0637efd619d"", ""lifecycle-fact:a7f479a28011527e797b9b41"", ""lifecycle-fact:b2d5a265f414d7e667871a91"", ""lifecycle-fact:c12a01cd8789fb9a85234abb""]"
source_fixture_12_cases,full,resource-property-v1.2:7dbcf4cf2f14eb8bd8b62e7c,java-callable-v1:fixture.lifecyclev11.SourcePairsScale001.s2TaskOnly(I)V,family:2bf23d51a18e1af4fa3d0455,,close_obligation,after_task_termination:task:e15c601ee12964deed6200da:exceptional,after_task_termination:exceptional,unknown,,,"[""conditional on reaching the recorded exit slice; termination is not guaranteed"", ""result aggregates independently checked recorded paths, not a single merged trace""]","[""exit_state_missing:event:d6c1a178e52d04b41fdf921a""]","[""exit_state_missing:event:d6c1a178e52d04b41fdf921a""]","[""family:2bf23d51a18e1af4fa3d0455"", ""instance:8b31a32d2e2dbdd66fb11e15"", ""lifecycle-fact:18fe4ae7664f717736cf33c0"", ""lifecycle-fact:46c0479c60fed2969186f9ac"", ""lifecycle-fact:5312ffa37588e0637efd619d"", ""lifecycle-fact:b2d5a265f414d7e667871a91"", ""lifecycle-fact:c12a01cd8789fb9a85234abb""]"
source_fixture_12_cases,full,resource-property-v1.2:b7ebea34c2e3ff1aa1ae64f7,java-callable-v1:fixture.lifecyclev11.SourcePairsScale001.s2TaskOnly(I)V,family:2bf23d51a18e1af4fa3d0455,,close_obligation,after_task_termination:task:e15c601ee12964deed6200da:normal,after_task_termination:normal,unknown,,,"[""conditional on reaching the recorded exit slice; termination is not guaranteed"", ""result aggregates independently checked recorded paths, not a single merged trace""]","[""exit_state_missing:event:d6c1a178e52d04b41fdf921a""]","[""exit_state_missing:event:d6c1a178e52d04b41fdf921a""]","[""family:2bf23d51a18e1af4fa3d0455"", ""instance:8b31a32d2e2dbdd66fb11e15"", ""lifecycle-fact:18fe4ae7664f717736cf33c0"", ""lifecycle-fact:5312ffa37588e0637efd619d"", ""lifecycle-fact:a7f479a28011527e797b9b41"", ""lifecycle-fact:b2d5a265f414d7e667871a91"", ""lifecycle-fact:c12a01cd8789fb9a85234abb""]"
source_fixture_12_cases,full,resource-property-v1.2:c9afe19b6174e2741059e1b9,java-callable-v1:fixture.lifecyclev11.SourcePairsScale001.s2TaskOnly(I)V,family:2bf23d51a18e1af4fa3d0455,,held_instances,task_queue:executor-contract:e27f73dafac3aa443eb4dfc2:holder:533e3948262d69818c3aa1f8:event:909c6b26395495eb1d05ffc5,all_modeled_exits,unknown,,,[],"[""exit_state_missing:event:d6c1a178e52d04b41fdf921a""]","[""exit_state_missing:event:d6c1a178e52d04b41fdf921a""]","[""executor-contract:e27f73dafac3aa443eb4dfc2"", ""lifecycle-fact:18fe4ae7664f717736cf33c0"", ""lifecycle-fact:46c0479c60fed2969186f9ac"", ""lifecycle-fact:4e71b0b19794e4a388a218ca"", ""lifecycle-fact:a7f479a28011527e797b9b41""]"
source_fixture_12_cases,full,resource-property-v1.2:cd9c243dbcd421df1b8e295b,java-callable-v1:fixture.lifecyclev11.SourcePairsScale001.s2TaskOnly(I)V,family:2bf23d51a18e1af4fa3d0455,,item_size_bytes,per_instance,all_modeled_exits,unknown,,,[],"[""exit_state_missing:event:d6c1a178e52d04b41fdf921a""]","[""exit_state_missing:event:d6c1a178e52d04b41fdf921a""]",[]
source_fixture_12_cases,full,resource-property-v1.2:ea20730aa699eb15fdac70bf,java-callable-v1:fixture.lifecyclev11.SourcePairsScale001.s2TaskOnly(I)V,,executor-contract:e27f73dafac3aa443eb4dfc2,accepted_task_population,executor:executor-contract:e27f73dafac3aa443eb4dfc2,arbitrary_finite_repetitions,bounded,5,"q<=K, a<=W, q+a<=K+W","[""q counts accepted tasks in the modeled executor queue"", ""a counts reserved or running tasks in the modeled executor"", ""each external acceptance denotes a fresh task population member"", ""task phase changes do not create a second population member"", ""derived invariants: 0 <= q <= K, 0 <= a <= W, q + a <= K + W"", ""proof is inductive for arbitrary finite repetitions, not one unrolling"", ""arbitrary_finite_repetitions_of_external_accept""]",[],[],"[""executor-contract:e27f73dafac3aa443eb4dfc2"", ""lifecycle-fact:18fe4ae7664f717736cf33c0"", ""lifecycle-fact:46c0479c60fed2969186f9ac"", ""lifecycle-fact:4e71b0b19794e4a388a218ca"", ""lifecycle-fact:a7f479a28011527e797b9b41""]"
source_fixture_12_cases,full,resource-property-v1.2:f0036c00c6a1faddee235367,java-callable-v1:fixture.lifecyclev11.SourcePairsScale001.s2TaskOnly(I)V,family:2bf23d51a18e1af4fa3d0455,,held_instances,after_task_termination:task:e15c601ee12964deed6200da:exceptional,after_task_termination:exceptional,unknown,,,"[""conditional on reaching the recorded exit slice; termination is not guaranteed"", ""result aggregates independently checked recorded paths, not a single merged trace""]","[""exit_state_missing:event:d6c1a178e52d04b41fdf921a""]","[""exit_state_missing:event:d6c1a178e52d04b41fdf921a""]","[""family:2bf23d51a18e1af4fa3d0455"", ""instance:8b31a32d2e2dbdd66fb11e15"", ""lifecycle-fact:18fe4ae7664f717736cf33c0"", ""lifecycle-fact:46c0479c60fed2969186f9ac"", ""lifecycle-fact:5312ffa37588e0637efd619d"", ""lifecycle-fact:b2d5a265f414d7e667871a91"", ""lifecycle-fact:c12a01cd8789fb9a85234abb""]"
source_fixture_12_cases,disable_cross_event_propagation,resource-property-v1.2:0f560ace733b0111554eb2d3,java-callable-v1:fixture.lifecyclev11.SourcePairsScale001.s2TaskOnly(I)V,family:2bf23d51a18e1af4fa3d0455,,close_obligation,all_exits,all_modeled_exits,unknown,,,[],"[""async_consumer_contract_unmodeled"", ""cross_event_propagation_disabled"", ""exit_state_missing:event:4a03f4218e6701fc89e41996"", ""exit_state_missing:event:d6c1a178e52d04b41fdf921a""]","[""async_consumer_contract_unmodeled"", ""cross_event_propagation_disabled"", ""exit_state_missing:event:4a03f4218e6701fc89e41996"", ""exit_state_missing:event:d6c1a178e52d04b41fdf921a""]","[""ablation:disable-cross-event:java-callable-v1:fixture.lifecyclev11.SourcePairsScale001.s2TaskOnly(I)V:family:2bf23d51a18e1af4fa3d0455:close_obligation"", ""lifecycle-fact:18fe4ae7664f717736cf33c0""]"
source_fixture_12_cases,disable_cross_event_propagation,resource-property-v1.2:c9afe19b6174e2741059e1b9,java-callable-v1:fixture.lifecyclev11.SourcePairsScale001.s2TaskOnly(I)V,family:2bf23d51a18e1af4fa3d0455,,held_instances,task_queue:executor-contract:e27f73dafac3aa443eb4dfc2:holder:533e3948262d69818c3aa1f8:event:909c6b26395495eb1d05ffc5,all_modeled_exits,unknown,,,[],"[""cross_event_propagation_disabled"", ""executor_population_binding_unavailable"", ""exit_state_missing:event:4a03f4218e6701fc89e41996"", ""exit_state_missing:event:d6c1a178e52d04b41fdf921a"", ""population_induction_unproven"", ""queue_writer_structure_unverified""]","[""cross_event_propagation_disabled"", ""executor_population_binding_unavailable"", ""exit_state_missing:event:4a03f4218e6701fc89e41996"", ""exit_state_missing:event:d6c1a178e52d04b41fdf921a"", ""population_induction_unproven"", ""queue_writer_structure_unverified""]","[""ablation:disable-cross-event:java-callable-v1:fixture.lifecyclev11.SourcePairsScale001.s2TaskOnly(I)V:family:2bf23d51a18e1af4fa3d0455:held_instances"", ""executor-contract:e27f73dafac3aa443eb4dfc2"", ""lifecycle-fact:4e71b0b19794e4a388a218ca""]"
source_fixture_12_cases,disable_cross_event_propagation,resource-property-v1.2:cd9c243dbcd421df1b8e295b,java-callable-v1:fixture.lifecyclev11.SourcePairsScale001.s2TaskOnly(I)V,family:2bf23d51a18e1af4fa3d0455,,item_size_bytes,per_instance,all_modeled_exits,unknown,,,[],"[""cross_event_propagation_disabled"", ""exit_state_missing:event:4a03f4218e6701fc89e41996"", ""exit_state_missing:event:d6c1a178e52d04b41fdf921a""]","[""cross_event_propagation_disabled"", ""exit_state_missing:event:4a03f4218e6701fc89e41996"", ""exit_state_missing:event:d6c1a178e52d04b41fdf921a""]","[""ablation:disable-cross-event:java-callable-v1:fixture.lifecyclev11.SourcePairsScale001.s2TaskOnly(I)V:family:2bf23d51a18e1af4fa3d0455:item_size_bytes""]"
source_fixture_12_cases,disable_cross_event_propagation,resource-property-v1.2:ea20730aa699eb15fdac70bf,java-callable-v1:fixture.lifecyclev11.SourcePairsScale001.s2TaskOnly(I)V,,executor-contract:e27f73dafac3aa443eb4dfc2,accepted_task_population,executor:executor-contract:e27f73dafac3aa443eb4dfc2,arbitrary_finite_repetitions,unknown,,,"[""q counts accepted tasks in the modeled executor queue"", ""a counts reserved or running tasks in the modeled executor"", ""each external acceptance denotes a fresh task population member"", ""task phase changes do not create a second population member"", ""derived invariants: 0 <= q <= K, 0 <= a <= W, q + a <= K + W"", ""proof is inductive for arbitrary finite repetitions, not one unrolling"", ""arbitrary_finite_repetitions_of_external_accept""]","[""executor_population_binding_unavailable""]","[""executor_population_binding_unavailable""]","[""executor-contract:e27f73dafac3aa443eb4dfc2"", ""lifecycle-fact:4e71b0b19794e4a388a218ca""]"
source_fixture_12_cases,full,resource-property-v1.2:1ef0bef5627acd763b41fced,java-callable-v1:fixture.lifecyclev11.SourcePairsScale001.s2FieldHolder(I)V,family:891e3882fcce7f721cb617cb,,held_instances,task_queue:executor-contract:e27f73dafac3aa443eb4dfc2:holder:43a6f73ce67c8122614debee:event:49c42c08a385aa8f4b84eea3,all_modeled_exits,unknown,,,[],"[""exit_state_missing:event:50fb3018b728fd75d1f8bfc6""]","[""exit_state_missing:event:50fb3018b728fd75d1f8bfc6""]","[""executor-contract:e27f73dafac3aa443eb4dfc2"", ""lifecycle-fact:1c55d77002986a2cfe15ee9c"", ""lifecycle-fact:3ef651fd666ed3355472d11e"", ""lifecycle-fact:ab5d8fd4793140ec472fcbeb"", ""lifecycle-fact:e1eb99ead3e2cf4f8ddcde06""]"
source_fixture_12_cases,full,resource-property-v1.2:3fd510d49e192a16a78e4039,java-callable-v1:fixture.lifecyclev11.SourcePairsScale001.s2FieldHolder(I)V,family:891e3882fcce7f721cb617cb,,close_obligation,all_tasks_terminated_after_request,all_tasks_terminated_after_request,unknown,,,"[""conditional on reaching the recorded exit slice; termination is not guaranteed"", ""result aggregates independently checked recorded paths, not a single merged trace""]","[""async_consumer_contract_unmodeled"", ""exit_state_missing:event:50fb3018b728fd75d1f8bfc6""]","[""async_consumer_contract_unmodeled"", ""exit_state_missing:event:50fb3018b728fd75d1f8bfc6""]","[""family:891e3882fcce7f721cb617cb"", ""instance:02c22a78056f17ce42155c5a"", ""lifecycle-fact:1a31943a56cf363533d54a31"", ""lifecycle-fact:1c55d77002986a2cfe15ee9c"", ""lifecycle-fact:312de07e2dc3dd216f7674cd"", ""lifecycle-fact:375b8b0c7699866102381d7b"", ""lifecycle-fact:3ef651fd666ed3355472d11e"", ""lifecycle-fact:ab5d8fd4793140ec472fcbeb"", ""lifecycle-fact:b89649522beb9ee182794ac2""]"
source_fixture_12_cases,full,resource-property-v1.2:48cbf5266ba9e41ab4b6e1c6,java-callable-v1:fixture.lifecyclev11.SourcePairsScale001.s2FieldHolder(I)V,family:891e3882fcce7f721cb617cb,,held_instances,after_task_termination:task:c2b55754246726f502532afd:normal,after_task_termination:normal,unknown,,,"[""conditional on reaching the recorded exit slice; termination is not guaranteed"", ""result aggregates independently checked recorded paths, not a single merged trace""]","[""exit_state_missing:event:50fb3018b728fd75d1f8bfc6""]","[""exit_state_missing:event:50fb3018b728fd75d1f8bfc6""]","[""family:891e3882fcce7f721cb617cb"", ""instance:02c22a78056f17ce42155c5a"", ""lifecycle-fact:1a31943a56cf363533d54a31"", ""lifecycle-fact:312de07e2dc3dd216f7674cd"", ""lifecycle-fact:375b8b0c7699866102381d7b"", ""lifecycle-fact:3ef651fd666ed3355472d11e"", ""lifecycle-fact:ab5d8fd4793140ec472fcbeb"", ""lifecycle-fact:b89649522beb9ee182794ac2""]"
source_fixture_12_cases,full,resource-property-v1.2:6615928961fd4148f8df5bb3,java-callable-v1:fixture.lifecyclev11.SourcePairsScale001.s2FieldHolder(I)V,family:891e3882fcce7f721cb617cb,,close_obligation,after_task_termination:task:c2b55754246726f502532afd:normal,after_task_termination:normal,unknown,,,"[""conditional on reaching the recorded exit slice; termination is not guaranteed"", ""result aggregates independently checked recorded paths, not a single merged trace""]","[""exit_state_missing:event:50fb3018b728fd75d1f8bfc6""]","[""exit_state_missing:event:50fb3018b728fd75d1f8bfc6""]","[""family:891e3882fcce7f721cb617cb"", ""instance:02c22a78056f17ce42155c5a"", ""lifecycle-fact:1a31943a56cf363533d54a31"", ""lifecycle-fact:312de07e2dc3dd216f7674cd"", ""lifecycle-fact:375b8b0c7699866102381d7b"", ""lifecycle-fact:3ef651fd666ed3355472d11e"", ""lifecycle-fact:ab5d8fd4793140ec472fcbeb"", ""lifecycle-fact:b89649522beb9ee182794ac2""]"
source_fixture_12_cases,full,resource-property-v1.2:7320d35772183aab97fda5aa,java-callable-v1:fixture.lifecyclev11.SourcePairsScale001.s2FieldHolder(I)V,family:891e3882fcce7f721cb617cb,,close_obligation,all_exits,all_modeled_exits,unknown,,,[],"[""async_consumer_contract_unmodeled"", ""exit_state_missing:event:50fb3018b728fd75d1f8bfc6"", ""task_cancellation_unmodeled:task:c2b55754246726f502532afd"", ""task_rejection_continuation_unknown:task:c2b55754246726f502532afd"", ""task_termination_not_guaranteed:task:c2b55754246726f502532afd""]","[""async_consumer_contract_unmodeled"", ""exit_state_missing:event:50fb3018b728fd75d1f8bfc6"", ""task_cancellation_unmodeled:task:c2b55754246726f502532afd"", ""task_rejection_continuation_unknown:task:c2b55754246726f502532afd"", ""task_termination_not_guaranteed:task:c2b55754246726f502532afd""]","[""lifecycle-fact:3ef651fd666ed3355472d11e""]"
source_fixture_12_cases,full,resource-property-v1.2:7a31622efca65f1e52309c21,java-callable-v1:fixture.lifecyclev11.SourcePairsScale001.s2FieldHolder(I)V,,executor-contract:e27f73dafac3aa443eb4dfc2,accepted_task_population,executor:executor-contract:e27f73dafac3aa443eb4dfc2,arbitrary_finite_repetitions,bounded,5,"q<=K, a<=W, q+a<=K+W","[""q counts accepted tasks in the modeled executor queue"", ""a counts reserved or running tasks in the modeled executor"", ""each external acceptance denotes a fresh task population member"", ""task phase changes do not create a second population member"", ""derived invariants: 0 <= q <= K, 0 <= a <= W, q + a <= K + W"", ""proof is inductive for arbitrary finite repetitions, not one unrolling"", ""arbitrary_finite_repetitions_of_external_accept""]",[],[],"[""executor-contract:e27f73dafac3aa443eb4dfc2"", ""lifecycle-fact:1c55d77002986a2cfe15ee9c"", ""lifecycle-fact:3ef651fd666ed3355472d11e"", ""lifecycle-fact:ab5d8fd4793140ec472fcbeb"", ""lifecycle-fact:e1eb99ead3e2cf4f8ddcde06""]"
source_fixture_12_cases,full,resource-property-v1.2:96acd4fac59944520642b12e,java-callable-v1:fixture.lifecyclev11.SourcePairsScale001.s2FieldHolder(I)V,family:891e3882fcce7f721cb617cb,,held_instances,all_tasks_terminated_after_request,all_tasks_terminated_after_request,unknown,,,"[""conditional on reaching the recorded exit slice; termination is not guaranteed"", ""result aggregates independently checked recorded paths, not a single merged trace""]","[""exit_state_missing:event:50fb3018b728fd75d1f8bfc6""]","[""exit_state_missing:event:50fb3018b728fd75d1f8bfc6""]","[""family:891e3882fcce7f721cb617cb"", ""instance:02c22a78056f17ce42155c5a"", ""lifecycle-fact:1a31943a56cf363533d54a31"", ""lifecycle-fact:1c55d77002986a2cfe15ee9c"", ""lifecycle-fact:312de07e2dc3dd216f7674cd"", ""lifecycle-fact:375b8b0c7699866102381d7b"", ""lifecycle-fact:3ef651fd666ed3355472d11e"", ""lifecycle-fact:ab5d8fd4793140ec472fcbeb"", ""lifecycle-fact:b89649522beb9ee182794ac2""]"
source_fixture_12_cases,full,resource-property-v1.2:afaa802a5c5dcdb2809afa0e,java-callable-v1:fixture.lifecyclev11.SourcePairsScale001.s2FieldHolder(I)V,family:891e3882fcce7f721cb617cb,,held_instances,after_task_termination:task:c2b55754246726f502532afd:exceptional,after_task_termination:exceptional,unknown,,,"[""conditional on reaching the recorded exit slice; termination is not guaranteed"", ""result aggregates independently checked recorded paths, not a single merged trace""]","[""exit_state_missing:event:50fb3018b728fd75d1f8bfc6""]","[""exit_state_missing:event:50fb3018b728fd75d1f8bfc6""]","[""family:891e3882fcce7f721cb617cb"", ""instance:02c22a78056f17ce42155c5a"", ""lifecycle-fact:1a31943a56cf363533d54a31"", ""lifecycle-fact:1c55d77002986a2cfe15ee9c"", ""lifecycle-fact:312de07e2dc3dd216f7674cd"", ""lifecycle-fact:375b8b0c7699866102381d7b"", ""lifecycle-fact:3ef651fd666ed3355472d11e"", ""lifecycle-fact:b89649522beb9ee182794ac2""]"
source_fixture_12_cases,full,resource-property-v1.2:b96b84bd8c8436c69df274a6,java-callable-v1:fixture.lifecyclev11.SourcePairsScale001.s2FieldHolder(I)V,family:891e3882fcce7f721cb617cb,,item_size_bytes,per_instance,all_modeled_exits,unknown,,,[],"[""exit_state_missing:event:50fb3018b728fd75d1f8bfc6""]","[""exit_state_missing:event:50fb3018b728fd75d1f8bfc6""]",[]
source_fixture_12_cases,full,resource-property-v1.2:ded0c88a17b71dc46e3e1293,java-callable-v1:fixture.lifecyclev11.SourcePairsScale001.s2FieldHolder(I)V,family:891e3882fcce7f721cb617cb,,close_obligation,after_task_termination:task:c2b55754246726f502532afd:exceptional,after_task_termination:exceptional,unknown,,,"[""conditional on reaching the recorded exit slice; termination is not guaranteed"", ""result aggregates independently checked recorded paths, not a single merged trace""]","[""exit_state_missing:event:50fb3018b728fd75d1f8bfc6""]","[""exit_state_missing:event:50fb3018b728fd75d1f8bfc6""]","[""family:891e3882fcce7f721cb617cb"", ""instance:02c22a78056f17ce42155c5a"", ""lifecycle-fact:1a31943a56cf363533d54a31"", ""lifecycle-fact:1c55d77002986a2cfe15ee9c"", ""lifecycle-fact:312de07e2dc3dd216f7674cd"", ""lifecycle-fact:375b8b0c7699866102381d7b"", ""lifecycle-fact:3ef651fd666ed3355472d11e"", ""lifecycle-fact:b89649522beb9ee182794ac2""]"
source_fixture_12_cases,disable_cross_event_propagation,resource-property-v1.2:1ef0bef5627acd763b41fced,java-callable-v1:fixture.lifecyclev11.SourcePairsScale001.s2FieldHolder(I)V,family:891e3882fcce7f721cb617cb,,held_instances,task_queue:executor-contract:e27f73dafac3aa443eb4dfc2:holder:43a6f73ce67c8122614debee:event:49c42c08a385aa8f4b84eea3,all_modeled_exits,unknown,,,[],"[""cross_event_propagation_disabled"", ""executor_population_binding_unavailable"", ""exit_state_missing:event:50fb3018b728fd75d1f8bfc6"", ""exit_state_missing:event:b6c36d4957b3d6755ab4818c"", ""population_induction_unproven"", ""queue_writer_structure_unverified""]","[""cross_event_propagation_disabled"", ""executor_population_binding_unavailable"", ""exit_state_missing:event:50fb3018b728fd75d1f8bfc6"", ""exit_state_missing:event:b6c36d4957b3d6755ab4818c"", ""population_induction_unproven"", ""queue_writer_structure_unverified""]","[""ablation:disable-cross-event:java-callable-v1:fixture.lifecyclev11.SourcePairsScale001.s2FieldHolder(I)V:family:891e3882fcce7f721cb617cb:held_instances"", ""executor-contract:e27f73dafac3aa443eb4dfc2"", ""lifecycle-fact:e1eb99ead3e2cf4f8ddcde06""]"
source_fixture_12_cases,disable_cross_event_propagation,resource-property-v1.2:7320d35772183aab97fda5aa,java-callable-v1:fixture.lifecyclev11.SourcePairsScale001.s2FieldHolder(I)V,family:891e3882fcce7f721cb617cb,,close_obligation,all_exits,all_modeled_exits,unknown,,,[],"[""async_consumer_contract_unmodeled"", ""cross_event_propagation_disabled"", ""exit_state_missing:event:50fb3018b728fd75d1f8bfc6"", ""exit_state_missing:event:b6c36d4957b3d6755ab4818c""]","[""async_consumer_contract_unmodeled"", ""cross_event_propagation_disabled"", ""exit_state_missing:event:50fb3018b728fd75d1f8bfc6"", ""exit_state_missing:event:b6c36d4957b3d6755ab4818c""]","[""ablation:disable-cross-event:java-callable-v1:fixture.lifecyclev11.SourcePairsScale001.s2FieldHolder(I)V:family:891e3882fcce7f721cb617cb:close_obligation"", ""lifecycle-fact:3ef651fd666ed3355472d11e""]"
source_fixture_12_cases,disable_cross_event_propagation,resource-property-v1.2:7a31622efca65f1e52309c21,java-callable-v1:fixture.lifecyclev11.SourcePairsScale001.s2FieldHolder(I)V,,executor-contract:e27f73dafac3aa443eb4dfc2,accepted_task_population,executor:executor-contract:e27f73dafac3aa443eb4dfc2,arbitrary_finite_repetitions,unknown,,,"[""q counts accepted tasks in the modeled executor queue"", ""a counts reserved or running tasks in the modeled executor"", ""each external acceptance denotes a fresh task population member"", ""task phase changes do not create a second population member"", ""derived invariants: 0 <= q <= K, 0 <= a <= W, q + a <= K + W"", ""proof is inductive for arbitrary finite repetitions, not one unrolling"", ""arbitrary_finite_repetitions_of_external_accept""]","[""executor_population_binding_unavailable""]","[""executor_population_binding_unavailable""]","[""executor-contract:e27f73dafac3aa443eb4dfc2"", ""lifecycle-fact:e1eb99ead3e2cf4f8ddcde06""]"
source_fixture_12_cases,disable_cross_event_propagation,resource-property-v1.2:b96b84bd8c8436c69df274a6,java-callable-v1:fixture.lifecyclev11.SourcePairsScale001.s2FieldHolder(I)V,family:891e3882fcce7f721cb617cb,,item_size_bytes,per_instance,all_modeled_exits,unknown,,,[],"[""cross_event_propagation_disabled"", ""exit_state_missing:event:50fb3018b728fd75d1f8bfc6"", ""exit_state_missing:event:b6c36d4957b3d6755ab4818c""]","[""cross_event_propagation_disabled"", ""exit_state_missing:event:50fb3018b728fd75d1f8bfc6"", ""exit_state_missing:event:b6c36d4957b3d6755ab4818c""]","[""ablation:disable-cross-event:java-callable-v1:fixture.lifecyclev11.SourcePairsScale001.s2FieldHolder(I)V:family:891e3882fcce7f721cb617cb:item_size_bytes""]"
source_fixture_12_cases,full,resource-property-v1.2:2f39d378f733822447a10c8e,java-callable-v1:fixture.lifecyclev11.SourcePairsScale001.s1TaskWrapped(I)V,family:6952e7ab8e630e4a805231dd,,close_obligation,after_task_termination:task:4f6d51fe758db93946012085:exceptional,after_task_termination:exceptional,bounded,0,,"[""conditional on reaching the recorded exit slice; termination is not guaranteed"", ""result aggregates independently checked recorded paths, not a single merged trace""]",[],[],"[""family:6952e7ab8e630e4a805231dd"", ""instance:6b51ab88a9637b3d460f8fa7"", ""lifecycle-fact:0973d6dbc0bfbdf9e19c6b61"", ""lifecycle-fact:1929f5f89010b6684bb30d78"", ""lifecycle-fact:2997eabdc0a1b58acafe9b94"", ""lifecycle-fact:342846cbe9216e742d277d15"", ""lifecycle-fact:ffd02a71728a1d53719c08b3""]"
source_fixture_12_cases,full,resource-property-v1.2:56fbc67657d2a77f73e0e165,java-callable-v1:fixture.lifecyclev11.SourcePairsScale001.s1TaskWrapped(I)V,family:6952e7ab8e630e4a805231dd,,held_instances,after_task_termination:task:4f6d51fe758db93946012085:exceptional,after_task_termination:exceptional,unknown,,,"[""conditional on reaching the recorded exit slice; termination is not guaranteed"", ""result aggregates independently checked recorded paths, not a single merged trace""]","[""no_verified_count_invariant""]","[""no_verified_count_invariant""]","[""family:6952e7ab8e630e4a805231dd"", ""instance:6b51ab88a9637b3d460f8fa7"", ""lifecycle-fact:0973d6dbc0bfbdf9e19c6b61"", ""lifecycle-fact:1929f5f89010b6684bb30d78"", ""lifecycle-fact:2997eabdc0a1b58acafe9b94"", ""lifecycle-fact:342846cbe9216e742d277d15"", ""lifecycle-fact:ffd02a71728a1d53719c08b3""]"
source_fixture_12_cases,full,resource-property-v1.2:7289e0a224d8a9ba7158686d,java-callable-v1:fixture.lifecyclev11.SourcePairsScale001.s1TaskWrapped(I)V,family:6952e7ab8e630e4a805231dd,,close_obligation,after_task_termination:task:4f6d51fe758db93946012085:normal,after_task_termination:normal,bounded,0,,"[""conditional on reaching the recorded exit slice; termination is not guaranteed"", ""result aggregates independently checked recorded paths, not a single merged trace""]",[],[],"[""family:6952e7ab8e630e4a805231dd"", ""instance:6b51ab88a9637b3d460f8fa7"", ""lifecycle-fact:0973d6dbc0bfbdf9e19c6b61"", ""lifecycle-fact:11d65f8275d306adc9069401"", ""lifecycle-fact:1929f5f89010b6684bb30d78"", ""lifecycle-fact:2997eabdc0a1b58acafe9b94"", ""lifecycle-fact:ffd02a71728a1d53719c08b3""]"
source_fixture_12_cases,full,resource-property-v1.2:7ac6df6c7640189aaa17c9e7,java-callable-v1:fixture.lifecyclev11.SourcePairsScale001.s1TaskWrapped(I)V,family:6952e7ab8e630e4a805231dd,,held_instances,after_task_termination:task:4f6d51fe758db93946012085:normal,after_task_termination:normal,unknown,,,"[""conditional on reaching the recorded exit slice; termination is not guaranteed"", ""result aggregates independently checked recorded paths, not a single merged trace""]","[""no_verified_count_invariant""]","[""no_verified_count_invariant""]","[""family:6952e7ab8e630e4a805231dd"", ""instance:6b51ab88a9637b3d460f8fa7"", ""lifecycle-fact:0973d6dbc0bfbdf9e19c6b61"", ""lifecycle-fact:11d65f8275d306adc9069401"", ""lifecycle-fact:1929f5f89010b6684bb30d78"", ""lifecycle-fact:2997eabdc0a1b58acafe9b94"", ""lifecycle-fact:ffd02a71728a1d53719c08b3""]"
source_fixture_12_cases,full,resource-property-v1.2:c5596374b29d49a91b784259,java-callable-v1:fixture.lifecyclev11.SourcePairsScale001.s1TaskWrapped(I)V,family:6952e7ab8e630e4a805231dd,,held_instances,task_queue:executor-contract:e27f73dafac3aa443eb4dfc2:holder:563ea5c08626a7785a803845:event:d0c7bb73a74cc06a24fe2b82,all_modeled_exits,bounded,5,,"[""q counts accepted tasks in the modeled executor queue"", ""a counts reserved or running tasks in the modeled executor"", ""each external acceptance denotes a fresh task population member"", ""task phase changes do not create a second population member"", ""derived invariants: 0 <= q <= K, 0 <= a <= W, q + a <= K + W"", ""proof is inductive for arbitrary finite repetitions, not one unrolling"", ""repeat assumption: arbitrary_finite_repetitions_of_external_accept""]",[],[],"[""executor-contract:e27f73dafac3aa443eb4dfc2"", ""lifecycle-fact:11d65f8275d306adc9069401"", ""lifecycle-fact:1929f5f89010b6684bb30d78"", ""lifecycle-fact:23e4d065fa70f8ad7102835d"", ""lifecycle-fact:342846cbe9216e742d277d15""]"
source_fixture_12_cases,full,resource-property-v1.2:cf709e5c48fa1285a498c9cb,java-callable-v1:fixture.lifecyclev11.SourcePairsScale001.s1TaskWrapped(I)V,family:6952e7ab8e630e4a805231dd,,held_instances,all_tasks_terminated_after_request,all_tasks_terminated_after_request,bounded,0,,"[""conditional on reaching the recorded exit slice; termination is not guaranteed"", ""result aggregates independently checked recorded paths, not a single merged trace""]",[],[],"[""family:6952e7ab8e630e4a805231dd"", ""instance:6b51ab88a9637b3d460f8fa7"", ""lifecycle-fact:0973d6dbc0bfbdf9e19c6b61"", ""lifecycle-fact:11d65f8275d306adc9069401"", ""lifecycle-fact:1929f5f89010b6684bb30d78"", ""lifecycle-fact:2997eabdc0a1b58acafe9b94"", ""lifecycle-fact:342846cbe9216e742d277d15"", ""lifecycle-fact:ffd02a71728a1d53719c08b3""]"
source_fixture_12_cases,full,resource-property-v1.2:d996f86fe6c2a009fb1c84ff,java-callable-v1:fixture.lifecyclev11.SourcePairsScale001.s1TaskWrapped(I)V,,executor-contract:e27f73dafac3aa443eb4dfc2,accepted_task_population,executor:executor-contract:e27f73dafac3aa443eb4dfc2,arbitrary_finite_repetitions,bounded,5,"q<=K, a<=W, q+a<=K+W","[""q counts accepted tasks in the modeled executor queue"", ""a counts reserved or running tasks in the modeled executor"", ""each external acceptance denotes a fresh task population member"", ""task phase changes do not create a second population member"", ""derived invariants: 0 <= q <= K, 0 <= a <= W, q + a <= K + W"", ""proof is inductive for arbitrary finite repetitions, not one unrolling"", ""arbitrary_finite_repetitions_of_external_accept""]",[],[],"[""executor-contract:e27f73dafac3aa443eb4dfc2"", ""lifecycle-fact:11d65f8275d306adc9069401"", ""lifecycle-fact:1929f5f89010b6684bb30d78"", ""lifecycle-fact:23e4d065fa70f8ad7102835d"", ""lifecycle-fact:342846cbe9216e742d277d15""]"
source_fixture_12_cases,full,resource-property-v1.2:e391998dd8d001167c8be56d,java-callable-v1:fixture.lifecyclev11.SourcePairsScale001.s1TaskWrapped(I)V,family:6952e7ab8e630e4a805231dd,,item_size_bytes,per_instance,all_modeled_exits,unknown,,,[],"[""item_size_unknown""]","[""item_size_unknown""]","[""family:6952e7ab8e630e4a805231dd""]"
source_fixture_12_cases,full,resource-property-v1.2:f358ea27962970d7baf5afdb,java-callable-v1:fixture.lifecyclev11.SourcePairsScale001.s1TaskWrapped(I)V,family:6952e7ab8e630e4a805231dd,,close_obligation,all_tasks_terminated_after_request,all_tasks_terminated_after_request,unknown,,,"[""conditional on reaching the recorded exit slice; termination is not guaranteed"", ""result aggregates independently checked recorded paths, not a single merged trace""]","[""async_consumer_contract_unmodeled""]","[""async_consumer_contract_unmodeled""]","[""family:6952e7ab8e630e4a805231dd"", ""instance:6b51ab88a9637b3d460f8fa7"", ""lifecycle-fact:0973d6dbc0bfbdf9e19c6b61"", ""lifecycle-fact:11d65f8275d306adc9069401"", ""lifecycle-fact:1929f5f89010b6684bb30d78"", ""lifecycle-fact:2997eabdc0a1b58acafe9b94"", ""lifecycle-fact:342846cbe9216e742d277d15"", ""lifecycle-fact:ffd02a71728a1d53719c08b3""]"
source_fixture_12_cases,full,resource-property-v1.2:fca359b78a6c1dc944c212a6,java-callable-v1:fixture.lifecyclev11.SourcePairsScale001.s1TaskWrapped(I)V,family:6952e7ab8e630e4a805231dd,,close_obligation,all_exits,all_modeled_exits,unknown,,,[],"[""async_consumer_contract_unmodeled"", ""task_cancellation_unmodeled:task:4f6d51fe758db93946012085"", ""task_rejection_continuation_unknown:task:4f6d51fe758db93946012085"", ""task_termination_not_guaranteed:task:4f6d51fe758db93946012085""]","[""async_consumer_contract_unmodeled"", ""task_cancellation_unmodeled:task:4f6d51fe758db93946012085"", ""task_rejection_continuation_unknown:task:4f6d51fe758db93946012085"", ""task_termination_not_guaranteed:task:4f6d51fe758db93946012085""]","[""lifecycle-fact:1929f5f89010b6684bb30d78""]"
source_fixture_12_cases,disable_cross_event_propagation,resource-property-v1.2:c5596374b29d49a91b784259,java-callable-v1:fixture.lifecyclev11.SourcePairsScale001.s1TaskWrapped(I)V,family:6952e7ab8e630e4a805231dd,,held_instances,task_queue:executor-contract:e27f73dafac3aa443eb4dfc2:holder:563ea5c08626a7785a803845:event:d0c7bb73a74cc06a24fe2b82,all_modeled_exits,unknown,,,[],"[""cross_event_propagation_disabled"", ""executor_population_binding_unavailable"", ""exit_state_missing:event:ae8b3453a6b68245be630529"", ""population_induction_unproven"", ""queue_writer_structure_unverified""]","[""cross_event_propagation_disabled"", ""executor_population_binding_unavailable"", ""exit_state_missing:event:ae8b3453a6b68245be630529"", ""population_induction_unproven"", ""queue_writer_structure_unverified""]","[""ablation:disable-cross-event:java-callable-v1:fixture.lifecyclev11.SourcePairsScale001.s1TaskWrapped(I)V:family:6952e7ab8e630e4a805231dd:held_instances"", ""executor-contract:e27f73dafac3aa443eb4dfc2"", ""lifecycle-fact:23e4d065fa70f8ad7102835d""]"
source_fixture_12_cases,disable_cross_event_propagation,resource-property-v1.2:d996f86fe6c2a009fb1c84ff,java-callable-v1:fixture.lifecyclev11.SourcePairsScale001.s1TaskWrapped(I)V,,executor-contract:e27f73dafac3aa443eb4dfc2,accepted_task_population,executor:executor-contract:e27f73dafac3aa443eb4dfc2,arbitrary_finite_repetitions,unknown,,,"[""q counts accepted tasks in the modeled executor queue"", ""a counts reserved or running tasks in the modeled executor"", ""each external acceptance denotes a fresh task population member"", ""task phase changes do not create a second population member"", ""derived invariants: 0 <= q <= K, 0 <= a <= W, q + a <= K + W"", ""proof is inductive for arbitrary finite repetitions, not one unrolling"", ""arbitrary_finite_repetitions_of_external_accept""]","[""executor_population_binding_unavailable""]","[""executor_population_binding_unavailable""]","[""executor-contract:e27f73dafac3aa443eb4dfc2"", ""lifecycle-fact:23e4d065fa70f8ad7102835d""]"
source_fixture_12_cases,disable_cross_event_propagation,resource-property-v1.2:e391998dd8d001167c8be56d,java-callable-v1:fixture.lifecyclev11.SourcePairsScale001.s1TaskWrapped(I)V,family:6952e7ab8e630e4a805231dd,,item_size_bytes,per_instance,all_modeled_exits,unknown,,,[],"[""cross_event_propagation_disabled"", ""exit_state_missing:event:ae8b3453a6b68245be630529""]","[""cross_event_propagation_disabled"", ""exit_state_missing:event:ae8b3453a6b68245be630529""]","[""ablation:disable-cross-event:java-callable-v1:fixture.lifecyclev11.SourcePairsScale001.s1TaskWrapped(I)V:family:6952e7ab8e630e4a805231dd:item_size_bytes""]"
source_fixture_12_cases,disable_cross_event_propagation,resource-property-v1.2:fca359b78a6c1dc944c212a6,java-callable-v1:fixture.lifecyclev11.SourcePairsScale001.s1TaskWrapped(I)V,family:6952e7ab8e630e4a805231dd,,close_obligation,all_exits,all_modeled_exits,unknown,,,[],"[""async_consumer_contract_unmodeled"", ""cross_event_propagation_disabled"", ""exit_state_missing:event:ae8b3453a6b68245be630529""]","[""async_consumer_contract_unmodeled"", ""cross_event_propagation_disabled"", ""exit_state_missing:event:ae8b3453a6b68245be630529""]","[""ablation:disable-cross-event:java-callable-v1:fixture.lifecyclev11.SourcePairsScale001.s1TaskWrapped(I)V:family:6952e7ab8e630e4a805231dd:close_obligation"", ""lifecycle-fact:1929f5f89010b6684bb30d78""]"
source_fixture_12_cases,full,resource-property-v1.2:27b02e4efc9bc13ed1f279d3,java-callable-v1:fixture.lifecyclev11.SourcePairsScale001.s1Sync(I)V,family:c9da8829547aba744c5f0d71,,close_obligation,all_exits,all_modeled_exits,bounded,0,,[],[],[],"[""instance:342c6f1be628327fc2c90e65""]"
source_fixture_12_cases,full,resource-property-v1.2:99ecce30fd62dc807971b36d,java-callable-v1:fixture.lifecyclev11.SourcePairsScale001.s1Sync(I)V,family:c9da8829547aba744c5f0d71,,item_size_bytes,per_instance,all_modeled_exits,unknown,,,[],"[""item_size_unknown""]","[""item_size_unknown""]","[""family:c9da8829547aba744c5f0d71""]"
source_fixture_12_cases,full,resource-property-v1.2:c285391d6c1354efca1a65ed,java-callable-v1:fixture.lifecyclev11.SourcePairsScale001.s1Sync(I)V,family:c9da8829547aba744c5f0d71,,held_instances,all_exits,all_modeled_exits,bounded,0,,[],[],[],[]
source_fixture_12_cases,disable_cross_event_propagation,resource-property-v1.2:27b02e4efc9bc13ed1f279d3,java-callable-v1:fixture.lifecyclev11.SourcePairsScale001.s1Sync(I)V,family:c9da8829547aba744c5f0d71,,close_obligation,all_exits,all_modeled_exits,bounded,0,,[],[],[],"[""instance:342c6f1be628327fc2c90e65""]"
source_fixture_12_cases,disable_cross_event_propagation,resource-property-v1.2:99ecce30fd62dc807971b36d,java-callable-v1:fixture.lifecyclev11.SourcePairsScale001.s1Sync(I)V,family:c9da8829547aba744c5f0d71,,item_size_bytes,per_instance,all_modeled_exits,unknown,,,[],"[""item_size_unknown""]","[""item_size_unknown""]","[""family:c9da8829547aba744c5f0d71""]"
source_fixture_12_cases,disable_cross_event_propagation,resource-property-v1.2:c285391d6c1354efca1a65ed,java-callable-v1:fixture.lifecyclev11.SourcePairsScale001.s1Sync(I)V,family:c9da8829547aba744c5f0d71,,held_instances,all_exits,all_modeled_exits,bounded,0,,[],[],[],[]
project_mixed_inputs,full,resource-property-v1.2:08e9b2ff3ebce5c8a6d41b46,java-callable-v1:fixture.lifecyclev12.MultiResource.twoResources()V,family:53cced109891697b6bc02a74,,item_size_bytes,per_instance,all_modeled_exits,unknown,,,[],"[""item_size_unknown""]","[""item_size_unknown""]","[""family:53cced109891697b6bc02a74""]"
project_mixed_inputs,full,resource-property-v1.2:3f13ce78ea98c4554ccd05be,java-callable-v1:fixture.lifecyclev12.MultiResource.twoResources()V,family:53cced109891697b6bc02a74,,close_obligation,all_exits,all_modeled_exits,unknown,,,[],"[""release_missing_exceptional_path""]","[""release_missing_exceptional_path""]","[""lifecycle-fact:e0a269c77541c0ecb76db92b""]"
project_mixed_inputs,full,resource-property-v1.2:a0a5a535d3ffaf6f6844a8e7,java-callable-v1:fixture.lifecyclev12.MultiResource.twoResources()V,family:53cced109891697b6bc02a74,,held_instances,all_exits,all_modeled_exits,bounded,0,,[],[],[],[]
project_mixed_inputs,full,resource-property-v1.2:ab8e9a0df909b3f0f46e2d03,java-callable-v1:fixture.lifecyclev12.MultiResource.twoResources()V,family:affc9c7af3a247565dda004a,,item_size_bytes,per_instance,all_modeled_exits,unknown,,,[],"[""item_size_unknown""]","[""item_size_unknown""]","[""family:affc9c7af3a247565dda004a""]"
project_mixed_inputs,full,resource-property-v1.2:ed0e0fe66dda0f877b8d25ed,java-callable-v1:fixture.lifecyclev12.MultiResource.twoResources()V,family:affc9c7af3a247565dda004a,,close_obligation,all_exits,all_modeled_exits,unknown,,,[],"[""release_missing_exceptional_path""]","[""release_missing_exceptional_path""]","[""lifecycle-fact:e2452eeb08415f2eb5c222b4""]"
project_mixed_inputs,full,resource-property-v1.2:ffc02bcba0b95c746105d2cd,java-callable-v1:fixture.lifecyclev12.MultiResource.twoResources()V,family:affc9c7af3a247565dda004a,,held_instances,all_exits,all_modeled_exits,bounded,0,,[],[],[],[]
independent_modules,full,resource-property-v1.2:079289a5621302e5355fca43,java-callable-v1:org.apache.hertzbeat.common.util.ArrowUtil.serializeMultipleRoots(Ljava/util/List;)[B,family:74b43a38df00b431f7ce182b,,close_obligation,all_exits,all_modeled_exits,unknown,,,[],"[""external_callee_resource_effects_unmodeled"", ""iteration_limit:event:e21a14dfb435adc03deb42dd"", ""repeated_abstract_instance:instance:645905008958db0fe178d1d8"", ""unknown_call:effect:37648a9a36fec144f859593e"", ""unknown_call:effect:55773bf3ad815ad02d41db3c"", ""unknown_call:effect:7e5e49d27f75102bf4f4c6e0"", ""unknown_call:effect:833cb3b77913686d897ba5c4"", ""unknown_call:effect:a11784f0c148d06e3d73753d"", ""unknown_call:effect:a6456e33e1b08a46cb6e61bf"", ""unknown_call:effect:a94ed110d6de527e798fda43"", ""unknown_call:effect:c732a61924a0e9cadc5552b5"", ""unknown_call:effect:e24917c0953a06cfc3693673"", ""unknown_call:effect:e4e39e95ff092c034be5395e""]","[""external_callee_resource_effects_unmodeled"", ""iteration_limit:event:e21a14dfb435adc03deb42dd"", ""repeated_abstract_instance:instance:645905008958db0fe178d1d8"", ""unknown_call:effect:37648a9a36fec144f859593e"", ""unknown_call:effect:55773bf3ad815ad02d41db3c"", ""unknown_call:effect:7e5e49d27f75102bf4f4c6e0"", ""unknown_call:effect:833cb3b77913686d897ba5c4"", ""unknown_call:effect:a11784f0c148d06e3d73753d"", ""unknown_call:effect:a6456e33e1b08a46cb6e61bf"", ""unknown_call:effect:a94ed110d6de527e798fda43"", ""unknown_call:effect:c732a61924a0e9cadc5552b5"", ""unknown_call:effect:e24917c0953a06cfc3693673"", ""unknown_call:effect:e4e39e95ff092c034be5395e""]","[""lifecycle-fact:4bbbed48ceb1428bb095ea64"", ""lifecycle-fact:8d20b3b9a51a2fe410a4c118"", ""lifecycle-fact:92b99402c4e939b36b6af9b0""]"
independent_modules,full,resource-property-v1.2:0a6ec4957269d164fc780308,java-callable-v1:org.apache.hertzbeat.common.util.ArrowUtil.serializeMultipleRoots(Ljava/util/List;)[B,family:74b43a38df00b431f7ce182b,,held_instances,all_exits,all_modeled_exits,unknown,,,[],"[""external_callee_resource_effects_unmodeled"", ""iteration_limit:event:e21a14dfb435adc03deb42dd"", ""repeated_abstract_instance:instance:645905008958db0fe178d1d8"", ""unknown_call:effect:37648a9a36fec144f859593e"", ""unknown_call:effect:55773bf3ad815ad02d41db3c"", ""unknown_call:effect:7e5e49d27f75102bf4f4c6e0"", ""unknown_call:effect:833cb3b77913686d897ba5c4"", ""unknown_call:effect:a11784f0c148d06e3d73753d"", ""unknown_call:effect:a6456e33e1b08a46cb6e61bf"", ""unknown_call:effect:a94ed110d6de527e798fda43"", ""unknown_call:effect:c732a61924a0e9cadc5552b5"", ""unknown_call:effect:e24917c0953a06cfc3693673"", ""unknown_call:effect:e4e39e95ff092c034be5395e""]","[""external_callee_resource_effects_unmodeled"", ""iteration_limit:event:e21a14dfb435adc03deb42dd"", ""repeated_abstract_instance:instance:645905008958db0fe178d1d8"", ""unknown_call:effect:37648a9a36fec144f859593e"", ""unknown_call:effect:55773bf3ad815ad02d41db3c"", ""unknown_call:effect:7e5e49d27f75102bf4f4c6e0"", ""unknown_call:effect:833cb3b77913686d897ba5c4"", ""unknown_call:effect:a11784f0c148d06e3d73753d"", ""unknown_call:effect:a6456e33e1b08a46cb6e61bf"", ""unknown_call:effect:a94ed110d6de527e798fda43"", ""unknown_call:effect:c732a61924a0e9cadc5552b5"", ""unknown_call:effect:e24917c0953a06cfc3693673"", ""unknown_call:effect:e4e39e95ff092c034be5395e""]","[""lifecycle-fact:4bbbed48ceb1428bb095ea64"", ""lifecycle-fact:8d20b3b9a51a2fe410a4c118"", ""lifecycle-fact:92b99402c4e939b36b6af9b0""]"
independent_modules,full,resource-property-v1.2:38f3181e4d5a1e2aa44324cd,java-callable-v1:org.apache.hertzbeat.common.util.ArrowUtil.serializeMultipleRoots(Ljava/util/List;)[B,family:a455f1a3be6e855e000f1d8d,,held_instances,all_exits,all_modeled_exits,unknown,,,[],"[""external_callee_resource_effects_unmodeled"", ""iteration_limit:event:e21a14dfb435adc03deb42dd"", ""repeated_abstract_instance:instance:645905008958db0fe178d1d8"", ""unknown_call:effect:37648a9a36fec144f859593e"", ""unknown_call:effect:55773bf3ad815ad02d41db3c"", ""unknown_call:effect:7e5e49d27f75102bf4f4c6e0"", ""unknown_call:effect:833cb3b77913686d897ba5c4"", ""unknown_call:effect:a11784f0c148d06e3d73753d"", ""unknown_call:effect:a6456e33e1b08a46cb6e61bf"", ""unknown_call:effect:a94ed110d6de527e798fda43"", ""unknown_call:effect:c732a61924a0e9cadc5552b5"", ""unknown_call:effect:e24917c0953a06cfc3693673"", ""unknown_call:effect:e4e39e95ff092c034be5395e""]","[""external_callee_resource_effects_unmodeled"", ""iteration_limit:event:e21a14dfb435adc03deb42dd"", ""repeated_abstract_instance:instance:645905008958db0fe178d1d8"", ""unknown_call:effect:37648a9a36fec144f859593e"", ""unknown_call:effect:55773bf3ad815ad02d41db3c"", ""unknown_call:effect:7e5e49d27f75102bf4f4c6e0"", ""unknown_call:effect:833cb3b77913686d897ba5c4"", ""unknown_call:effect:a11784f0c148d06e3d73753d"", ""unknown_call:effect:a6456e33e1b08a46cb6e61bf"", ""unknown_call:effect:a94ed110d6de527e798fda43"", ""unknown_call:effect:c732a61924a0e9cadc5552b5"", ""unknown_call:effect:e24917c0953a06cfc3693673"", ""unknown_call:effect:e4e39e95ff092c034be5395e""]","[""lifecycle-fact:166b3c3edc56f9d9268201ac"", ""lifecycle-fact:73e58993f3fe987d7e7535a6""]"
independent_modules,full,resource-property-v1.2:48e59975523edeba59557b9c,java-callable-v1:org.apache.hertzbeat.common.util.ArrowUtil.serializeMultipleRoots(Ljava/util/List;)[B,family:6cb64f6d98c1c785db24237d,,close_obligation,all_exits,all_modeled_exits,unknown,,,[],"[""external_callee_resource_effects_unmodeled"", ""iteration_limit:event:e21a14dfb435adc03deb42dd"", ""repeated_abstract_instance:instance:645905008958db0fe178d1d8"", ""unknown_call:effect:37648a9a36fec144f859593e"", ""unknown_call:effect:55773bf3ad815ad02d41db3c"", ""unknown_call:effect:7e5e49d27f75102bf4f4c6e0"", ""unknown_call:effect:833cb3b77913686d897ba5c4"", ""unknown_call:effect:a11784f0c148d06e3d73753d"", ""unknown_call:effect:a6456e33e1b08a46cb6e61bf"", ""unknown_call:effect:a94ed110d6de527e798fda43"", ""unknown_call:effect:c732a61924a0e9cadc5552b5"", ""unknown_call:effect:e24917c0953a06cfc3693673"", ""unknown_call:effect:e4e39e95ff092c034be5395e""]","[""external_callee_resource_effects_unmodeled"", ""iteration_limit:event:e21a14dfb435adc03deb42dd"", ""repeated_abstract_instance:instance:645905008958db0fe178d1d8"", ""unknown_call:effect:37648a9a36fec144f859593e"", ""unknown_call:effect:55773bf3ad815ad02d41db3c"", ""unknown_call:effect:7e5e49d27f75102bf4f4c6e0"", ""unknown_call:effect:833cb3b77913686d897ba5c4"", ""unknown_call:effect:a11784f0c148d06e3d73753d"", ""unknown_call:effect:a6456e33e1b08a46cb6e61bf"", ""unknown_call:effect:a94ed110d6de527e798fda43"", ""unknown_call:effect:c732a61924a0e9cadc5552b5"", ""unknown_call:effect:e24917c0953a06cfc3693673"", ""unknown_call:effect:e4e39e95ff092c034be5395e""]","[""lifecycle-fact:0e26ed6eb156ccaf6342de14"", ""lifecycle-fact:8f6fed839c6589e1eee3a7f0"", ""lifecycle-fact:a2426d5c52b2e89910353616"", ""lifecycle-fact:acb41527e2ccce8cc119ccda""]"
independent_modules,full,resource-property-v1.2:79e090b08bfbdc40bf993965,java-callable-v1:org.apache.hertzbeat.common.util.ArrowUtil.serializeMultipleRoots(Ljava/util/List;)[B,family:74b43a38df00b431f7ce182b,,item_size_bytes,per_instance,all_modeled_exits,unknown,,,[],"[""external_callee_resource_effects_unmodeled"", ""iteration_limit:event:e21a14dfb435adc03deb42dd"", ""repeated_abstract_instance:instance:645905008958db0fe178d1d8"", ""unknown_call:effect:37648a9a36fec144f859593e"", ""unknown_call:effect:55773bf3ad815ad02d41db3c"", ""unknown_call:effect:7e5e49d27f75102bf4f4c6e0"", ""unknown_call:effect:833cb3b77913686d897ba5c4"", ""unknown_call:effect:a11784f0c148d06e3d73753d"", ""unknown_call:effect:a6456e33e1b08a46cb6e61bf"", ""unknown_call:effect:a94ed110d6de527e798fda43"", ""unknown_call:effect:c732a61924a0e9cadc5552b5"", ""unknown_call:effect:e24917c0953a06cfc3693673"", ""unknown_call:effect:e4e39e95ff092c034be5395e""]","[""external_callee_resource_effects_unmodeled"", ""iteration_limit:event:e21a14dfb435adc03deb42dd"", ""repeated_abstract_instance:instance:645905008958db0fe178d1d8"", ""unknown_call:effect:37648a9a36fec144f859593e"", ""unknown_call:effect:55773bf3ad815ad02d41db3c"", ""unknown_call:effect:7e5e49d27f75102bf4f4c6e0"", ""unknown_call:effect:833cb3b77913686d897ba5c4"", ""unknown_call:effect:a11784f0c148d06e3d73753d"", ""unknown_call:effect:a6456e33e1b08a46cb6e61bf"", ""unknown_call:effect:a94ed110d6de527e798fda43"", ""unknown_call:effect:c732a61924a0e9cadc5552b5"", ""unknown_call:effect:e24917c0953a06cfc3693673"", ""unknown_call:effect:e4e39e95ff092c034be5395e""]","[""lifecycle-fact:4bbbed48ceb1428bb095ea64"", ""lifecycle-fact:8d20b3b9a51a2fe410a4c118"", ""lifecycle-fact:92b99402c4e939b36b6af9b0""]"
independent_modules,full,resource-property-v1.2:b25012c64e0ad150a418bcae,java-callable-v1:org.apache.hertzbeat.common.util.ArrowUtil.serializeMultipleRoots(Ljava/util/List;)[B,family:a455f1a3be6e855e000f1d8d,,close_obligation,all_exits,all_modeled_exits,unknown,,,[],"[""external_callee_resource_effects_unmodeled"", ""iteration_limit:event:e21a14dfb435adc03deb42dd"", ""repeated_abstract_instance:instance:645905008958db0fe178d1d8"", ""unknown_call:effect:37648a9a36fec144f859593e"", ""unknown_call:effect:55773bf3ad815ad02d41db3c"", ""unknown_call:effect:7e5e49d27f75102bf4f4c6e0"", ""unknown_call:effect:833cb3b77913686d897ba5c4"", ""unknown_call:effect:a11784f0c148d06e3d73753d"", ""unknown_call:effect:a6456e33e1b08a46cb6e61bf"", ""unknown_call:effect:a94ed110d6de527e798fda43"", ""unknown_call:effect:c732a61924a0e9cadc5552b5"", ""unknown_call:effect:e24917c0953a06cfc3693673"", ""unknown_call:effect:e4e39e95ff092c034be5395e""]","[""external_callee_resource_effects_unmodeled"", ""iteration_limit:event:e21a14dfb435adc03deb42dd"", ""repeated_abstract_instance:instance:645905008958db0fe178d1d8"", ""unknown_call:effect:37648a9a36fec144f859593e"", ""unknown_call:effect:55773bf3ad815ad02d41db3c"", ""unknown_call:effect:7e5e49d27f75102bf4f4c6e0"", ""unknown_call:effect:833cb3b77913686d897ba5c4"", ""unknown_call:effect:a11784f0c148d06e3d73753d"", ""unknown_call:effect:a6456e33e1b08a46cb6e61bf"", ""unknown_call:effect:a94ed110d6de527e798fda43"", ""unknown_call:effect:c732a61924a0e9cadc5552b5"", ""unknown_call:effect:e24917c0953a06cfc3693673"", ""unknown_call:effect:e4e39e95ff092c034be5395e""]","[""lifecycle-fact:166b3c3edc56f9d9268201ac"", ""lifecycle-fact:73e58993f3fe987d7e7535a6""]"
independent_modules,full,resource-property-v1.2:b79d944fe573d1aac4d48de5,java-callable-v1:org.apache.hertzbeat.common.util.ArrowUtil.serializeMultipleRoots(Ljava/util/List;)[B,family:a455f1a3be6e855e000f1d8d,,item_size_bytes,per_instance,all_modeled_exits,unknown,,,[],"[""external_callee_resource_effects_unmodeled"", ""iteration_limit:event:e21a14dfb435adc03deb42dd"", ""repeated_abstract_instance:instance:645905008958db0fe178d1d8"", ""unknown_call:effect:37648a9a36fec144f859593e"", ""unknown_call:effect:55773bf3ad815ad02d41db3c"", ""unknown_call:effect:7e5e49d27f75102bf4f4c6e0"", ""unknown_call:effect:833cb3b77913686d897ba5c4"", ""unknown_call:effect:a11784f0c148d06e3d73753d"", ""unknown_call:effect:a6456e33e1b08a46cb6e61bf"", ""unknown_call:effect:a94ed110d6de527e798fda43"", ""unknown_call:effect:c732a61924a0e9cadc5552b5"", ""unknown_call:effect:e24917c0953a06cfc3693673"", ""unknown_call:effect:e4e39e95ff092c034be5395e""]","[""external_callee_resource_effects_unmodeled"", ""iteration_limit:event:e21a14dfb435adc03deb42dd"", ""repeated_abstract_instance:instance:645905008958db0fe178d1d8"", ""unknown_call:effect:37648a9a36fec144f859593e"", ""unknown_call:effect:55773bf3ad815ad02d41db3c"", ""unknown_call:effect:7e5e49d27f75102bf4f4c6e0"", ""unknown_call:effect:833cb3b77913686d897ba5c4"", ""unknown_call:effect:a11784f0c148d06e3d73753d"", ""unknown_call:effect:a6456e33e1b08a46cb6e61bf"", ""unknown_call:effect:a94ed110d6de527e798fda43"", ""unknown_call:effect:c732a61924a0e9cadc5552b5"", ""unknown_call:effect:e24917c0953a06cfc3693673"", ""unknown_call:effect:e4e39e95ff092c034be5395e""]","[""lifecycle-fact:166b3c3edc56f9d9268201ac"", ""lifecycle-fact:73e58993f3fe987d7e7535a6""]"
independent_modules,full,resource-property-v1.2:c0e37bed64527e6e65976c27,java-callable-v1:org.apache.hertzbeat.common.util.ArrowUtil.serializeMultipleRoots(Ljava/util/List;)[B,family:6cb64f6d98c1c785db24237d,,item_size_bytes,per_instance,all_modeled_exits,unknown,,,[],"[""external_callee_resource_effects_unmodeled"", ""iteration_limit:event:e21a14dfb435adc03deb42dd"", ""repeated_abstract_instance:instance:645905008958db0fe178d1d8"", ""unknown_call:effect:37648a9a36fec144f859593e"", ""unknown_call:effect:55773bf3ad815ad02d41db3c"", ""unknown_call:effect:7e5e49d27f75102bf4f4c6e0"", ""unknown_call:effect:833cb3b77913686d897ba5c4"", ""unknown_call:effect:a11784f0c148d06e3d73753d"", ""unknown_call:effect:a6456e33e1b08a46cb6e61bf"", ""unknown_call:effect:a94ed110d6de527e798fda43"", ""unknown_call:effect:c732a61924a0e9cadc5552b5"", ""unknown_call:effect:e24917c0953a06cfc3693673"", ""unknown_call:effect:e4e39e95ff092c034be5395e""]","[""external_callee_resource_effects_unmodeled"", ""iteration_limit:event:e21a14dfb435adc03deb42dd"", ""repeated_abstract_instance:instance:645905008958db0fe178d1d8"", ""unknown_call:effect:37648a9a36fec144f859593e"", ""unknown_call:effect:55773bf3ad815ad02d41db3c"", ""unknown_call:effect:7e5e49d27f75102bf4f4c6e0"", ""unknown_call:effect:833cb3b77913686d897ba5c4"", ""unknown_call:effect:a11784f0c148d06e3d73753d"", ""unknown_call:effect:a6456e33e1b08a46cb6e61bf"", ""unknown_call:effect:a94ed110d6de527e798fda43"", ""unknown_call:effect:c732a61924a0e9cadc5552b5"", ""unknown_call:effect:e24917c0953a06cfc3693673"", ""unknown_call:effect:e4e39e95ff092c034be5395e""]","[""lifecycle-fact:0e26ed6eb156ccaf6342de14"", ""lifecycle-fact:8f6fed839c6589e1eee3a7f0"", ""lifecycle-fact:a2426d5c52b2e89910353616"", ""lifecycle-fact:acb41527e2ccce8cc119ccda""]"
independent_modules,full,resource-property-v1.2:e4151b1fc8814871549e1cd0,java-callable-v1:org.apache.hertzbeat.common.util.ArrowUtil.serializeMultipleRoots(Ljava/util/List;)[B,family:6cb64f6d98c1c785db24237d,,held_instances,all_exits,all_modeled_exits,unknown,,,[],"[""external_callee_resource_effects_unmodeled"", ""iteration_limit:event:e21a14dfb435adc03deb42dd"", ""repeated_abstract_instance:instance:645905008958db0fe178d1d8"", ""unknown_call:effect:37648a9a36fec144f859593e"", ""unknown_call:effect:55773bf3ad815ad02d41db3c"", ""unknown_call:effect:7e5e49d27f75102bf4f4c6e0"", ""unknown_call:effect:833cb3b77913686d897ba5c4"", ""unknown_call:effect:a11784f0c148d06e3d73753d"", ""unknown_call:effect:a6456e33e1b08a46cb6e61bf"", ""unknown_call:effect:a94ed110d6de527e798fda43"", ""unknown_call:effect:c732a61924a0e9cadc5552b5"", ""unknown_call:effect:e24917c0953a06cfc3693673"", ""unknown_call:effect:e4e39e95ff092c034be5395e""]","[""external_callee_resource_effects_unmodeled"", ""iteration_limit:event:e21a14dfb435adc03deb42dd"", ""repeated_abstract_instance:instance:645905008958db0fe178d1d8"", ""unknown_call:effect:37648a9a36fec144f859593e"", ""unknown_call:effect:55773bf3ad815ad02d41db3c"", ""unknown_call:effect:7e5e49d27f75102bf4f4c6e0"", ""unknown_call:effect:833cb3b77913686d897ba5c4"", ""unknown_call:effect:a11784f0c148d06e3d73753d"", ""unknown_call:effect:a6456e33e1b08a46cb6e61bf"", ""unknown_call:effect:a94ed110d6de527e798fda43"", ""unknown_call:effect:c732a61924a0e9cadc5552b5"", ""unknown_call:effect:e24917c0953a06cfc3693673"", ""unknown_call:effect:e4e39e95ff092c034be5395e""]","[""lifecycle-fact:0e26ed6eb156ccaf6342de14"", ""lifecycle-fact:8f6fed839c6589e1eee3a7f0"", ""lifecycle-fact:a2426d5c52b2e89910353616"", ""lifecycle-fact:acb41527e2ccce8cc119ccda""]"
independent_modules,disable_cross_event_propagation,resource-property-v1.2:079289a5621302e5355fca43,java-callable-v1:org.apache.hertzbeat.common.util.ArrowUtil.serializeMultipleRoots(Ljava/util/List;)[B,family:74b43a38df00b431f7ce182b,,close_obligation,all_exits,all_modeled_exits,unknown,,,[],"[""external_callee_resource_effects_unmodeled"", ""iteration_limit:event:e21a14dfb435adc03deb42dd"", ""repeated_abstract_instance:instance:645905008958db0fe178d1d8"", ""unknown_call:effect:37648a9a36fec144f859593e"", ""unknown_call:effect:55773bf3ad815ad02d41db3c"", ""unknown_call:effect:7e5e49d27f75102bf4f4c6e0"", ""unknown_call:effect:833cb3b77913686d897ba5c4"", ""unknown_call:effect:a11784f0c148d06e3d73753d"", ""unknown_call:effect:a6456e33e1b08a46cb6e61bf"", ""unknown_call:effect:a94ed110d6de527e798fda43"", ""unknown_call:effect:c732a61924a0e9cadc5552b5"", ""unknown_call:effect:e24917c0953a06cfc3693673"", ""unknown_call:effect:e4e39e95ff092c034be5395e""]","[""external_callee_resource_effects_unmodeled"", ""iteration_limit:event:e21a14dfb435adc03deb42dd"", ""repeated_abstract_instance:instance:645905008958db0fe178d1d8"", ""unknown_call:effect:37648a9a36fec144f859593e"", ""unknown_call:effect:55773bf3ad815ad02d41db3c"", ""unknown_call:effect:7e5e49d27f75102bf4f4c6e0"", ""unknown_call:effect:833cb3b77913686d897ba5c4"", ""unknown_call:effect:a11784f0c148d06e3d73753d"", ""unknown_call:effect:a6456e33e1b08a46cb6e61bf"", ""unknown_call:effect:a94ed110d6de527e798fda43"", ""unknown_call:effect:c732a61924a0e9cadc5552b5"", ""unknown_call:effect:e24917c0953a06cfc3693673"", ""unknown_call:effect:e4e39e95ff092c034be5395e""]","[""lifecycle-fact:4bbbed48ceb1428bb095ea64"", ""lifecycle-fact:8d20b3b9a51a2fe410a4c118"", ""lifecycle-fact:92b99402c4e939b36b6af9b0""]"
independent_modules,disable_cross_event_propagation,resource-property-v1.2:0a6ec4957269d164fc780308,java-callable-v1:org.apache.hertzbeat.common.util.ArrowUtil.serializeMultipleRoots(Ljava/util/List;)[B,family:74b43a38df00b431f7ce182b,,held_instances,all_exits,all_modeled_exits,unknown,,,[],"[""external_callee_resource_effects_unmodeled"", ""iteration_limit:event:e21a14dfb435adc03deb42dd"", ""repeated_abstract_instance:instance:645905008958db0fe178d1d8"", ""unknown_call:effect:37648a9a36fec144f859593e"", ""unknown_call:effect:55773bf3ad815ad02d41db3c"", ""unknown_call:effect:7e5e49d27f75102bf4f4c6e0"", ""unknown_call:effect:833cb3b77913686d897ba5c4"", ""unknown_call:effect:a11784f0c148d06e3d73753d"", ""unknown_call:effect:a6456e33e1b08a46cb6e61bf"", ""unknown_call:effect:a94ed110d6de527e798fda43"", ""unknown_call:effect:c732a61924a0e9cadc5552b5"", ""unknown_call:effect:e24917c0953a06cfc3693673"", ""unknown_call:effect:e4e39e95ff092c034be5395e""]","[""external_callee_resource_effects_unmodeled"", ""iteration_limit:event:e21a14dfb435adc03deb42dd"", ""repeated_abstract_instance:instance:645905008958db0fe178d1d8"", ""unknown_call:effect:37648a9a36fec144f859593e"", ""unknown_call:effect:55773bf3ad815ad02d41db3c"", ""unknown_call:effect:7e5e49d27f75102bf4f4c6e0"", ""unknown_call:effect:833cb3b77913686d897ba5c4"", ""unknown_call:effect:a11784f0c148d06e3d73753d"", ""unknown_call:effect:a6456e33e1b08a46cb6e61bf"", ""unknown_call:effect:a94ed110d6de527e798fda43"", ""unknown_call:effect:c732a61924a0e9cadc5552b5"", ""unknown_call:effect:e24917c0953a06cfc3693673"", ""unknown_call:effect:e4e39e95ff092c034be5395e""]","[""lifecycle-fact:4bbbed48ceb1428bb095ea64"", ""lifecycle-fact:8d20b3b9a51a2fe410a4c118"", ""lifecycle-fact:92b99402c4e939b36b6af9b0""]"
independent_modules,disable_cross_event_propagation,resource-property-v1.2:38f3181e4d5a1e2aa44324cd,java-callable-v1:org.apache.hertzbeat.common.util.ArrowUtil.serializeMultipleRoots(Ljava/util/List;)[B,family:a455f1a3be6e855e000f1d8d,,held_instances,all_exits,all_modeled_exits,unknown,,,[],"[""external_callee_resource_effects_unmodeled"", ""iteration_limit:event:e21a14dfb435adc03deb42dd"", ""repeated_abstract_instance:instance:645905008958db0fe178d1d8"", ""unknown_call:effect:37648a9a36fec144f859593e"", ""unknown_call:effect:55773bf3ad815ad02d41db3c"", ""unknown_call:effect:7e5e49d27f75102bf4f4c6e0"", ""unknown_call:effect:833cb3b77913686d897ba5c4"", ""unknown_call:effect:a11784f0c148d06e3d73753d"", ""unknown_call:effect:a6456e33e1b08a46cb6e61bf"", ""unknown_call:effect:a94ed110d6de527e798fda43"", ""unknown_call:effect:c732a61924a0e9cadc5552b5"", ""unknown_call:effect:e24917c0953a06cfc3693673"", ""unknown_call:effect:e4e39e95ff092c034be5395e""]","[""external_callee_resource_effects_unmodeled"", ""iteration_limit:event:e21a14dfb435adc03deb42dd"", ""repeated_abstract_instance:instance:645905008958db0fe178d1d8"", ""unknown_call:effect:37648a9a36fec144f859593e"", ""unknown_call:effect:55773bf3ad815ad02d41db3c"", ""unknown_call:effect:7e5e49d27f75102bf4f4c6e0"", ""unknown_call:effect:833cb3b77913686d897ba5c4"", ""unknown_call:effect:a11784f0c148d06e3d73753d"", ""unknown_call:effect:a6456e33e1b08a46cb6e61bf"", ""unknown_call:effect:a94ed110d6de527e798fda43"", ""unknown_call:effect:c732a61924a0e9cadc5552b5"", ""unknown_call:effect:e24917c0953a06cfc3693673"", ""unknown_call:effect:e4e39e95ff092c034be5395e""]","[""lifecycle-fact:166b3c3edc56f9d9268201ac"", ""lifecycle-fact:73e58993f3fe987d7e7535a6""]"
independent_modules,disable_cross_event_propagation,resource-property-v1.2:48e59975523edeba59557b9c,java-callable-v1:org.apache.hertzbeat.common.util.ArrowUtil.serializeMultipleRoots(Ljava/util/List;)[B,family:6cb64f6d98c1c785db24237d,,close_obligation,all_exits,all_modeled_exits,unknown,,,[],"[""external_callee_resource_effects_unmodeled"", ""iteration_limit:event:e21a14dfb435adc03deb42dd"", ""repeated_abstract_instance:instance:645905008958db0fe178d1d8"", ""unknown_call:effect:37648a9a36fec144f859593e"", ""unknown_call:effect:55773bf3ad815ad02d41db3c"", ""unknown_call:effect:7e5e49d27f75102bf4f4c6e0"", ""unknown_call:effect:833cb3b77913686d897ba5c4"", ""unknown_call:effect:a11784f0c148d06e3d73753d"", ""unknown_call:effect:a6456e33e1b08a46cb6e61bf"", ""unknown_call:effect:a94ed110d6de527e798fda43"", ""unknown_call:effect:c732a61924a0e9cadc5552b5"", ""unknown_call:effect:e24917c0953a06cfc3693673"", ""unknown_call:effect:e4e39e95ff092c034be5395e""]","[""external_callee_resource_effects_unmodeled"", ""iteration_limit:event:e21a14dfb435adc03deb42dd"", ""repeated_abstract_instance:instance:645905008958db0fe178d1d8"", ""unknown_call:effect:37648a9a36fec144f859593e"", ""unknown_call:effect:55773bf3ad815ad02d41db3c"", ""unknown_call:effect:7e5e49d27f75102bf4f4c6e0"", ""unknown_call:effect:833cb3b77913686d897ba5c4"", ""unknown_call:effect:a11784f0c148d06e3d73753d"", ""unknown_call:effect:a6456e33e1b08a46cb6e61bf"", ""unknown_call:effect:a94ed110d6de527e798fda43"", ""unknown_call:effect:c732a61924a0e9cadc5552b5"", ""unknown_call:effect:e24917c0953a06cfc3693673"", ""unknown_call:effect:e4e39e95ff092c034be5395e""]","[""lifecycle-fact:0e26ed6eb156ccaf6342de14"", ""lifecycle-fact:8f6fed839c6589e1eee3a7f0"", ""lifecycle-fact:a2426d5c52b2e89910353616"", ""lifecycle-fact:acb41527e2ccce8cc119ccda""]"
independent_modules,disable_cross_event_propagation,resource-property-v1.2:79e090b08bfbdc40bf993965,java-callable-v1:org.apache.hertzbeat.common.util.ArrowUtil.serializeMultipleRoots(Ljava/util/List;)[B,family:74b43a38df00b431f7ce182b,,item_size_bytes,per_instance,all_modeled_exits,unknown,,,[],"[""external_callee_resource_effects_unmodeled"", ""iteration_limit:event:e21a14dfb435adc03deb42dd"", ""repeated_abstract_instance:instance:645905008958db0fe178d1d8"", ""unknown_call:effect:37648a9a36fec144f859593e"", ""unknown_call:effect:55773bf3ad815ad02d41db3c"", ""unknown_call:effect:7e5e49d27f75102bf4f4c6e0"", ""unknown_call:effect:833cb3b77913686d897ba5c4"", ""unknown_call:effect:a11784f0c148d06e3d73753d"", ""unknown_call:effect:a6456e33e1b08a46cb6e61bf"", ""unknown_call:effect:a94ed110d6de527e798fda43"", ""unknown_call:effect:c732a61924a0e9cadc5552b5"", ""unknown_call:effect:e24917c0953a06cfc3693673"", ""unknown_call:effect:e4e39e95ff092c034be5395e""]","[""external_callee_resource_effects_unmodeled"", ""iteration_limit:event:e21a14dfb435adc03deb42dd"", ""repeated_abstract_instance:instance:645905008958db0fe178d1d8"", ""unknown_call:effect:37648a9a36fec144f859593e"", ""unknown_call:effect:55773bf3ad815ad02d41db3c"", ""unknown_call:effect:7e5e49d27f75102bf4f4c6e0"", ""unknown_call:effect:833cb3b77913686d897ba5c4"", ""unknown_call:effect:a11784f0c148d06e3d73753d"", ""unknown_call:effect:a6456e33e1b08a46cb6e61bf"", ""unknown_call:effect:a94ed110d6de527e798fda43"", ""unknown_call:effect:c732a61924a0e9cadc5552b5"", ""unknown_call:effect:e24917c0953a06cfc3693673"", ""unknown_call:effect:e4e39e95ff092c034be5395e""]","[""lifecycle-fact:4bbbed48ceb1428bb095ea64"", ""lifecycle-fact:8d20b3b9a51a2fe410a4c118"", ""lifecycle-fact:92b99402c4e939b36b6af9b0""]"
independent_modules,disable_cross_event_propagation,resource-property-v1.2:b25012c64e0ad150a418bcae,java-callable-v1:org.apache.hertzbeat.common.util.ArrowUtil.serializeMultipleRoots(Ljava/util/List;)[B,family:a455f1a3be6e855e000f1d8d,,close_obligation,all_exits,all_modeled_exits,unknown,,,[],"[""external_callee_resource_effects_unmodeled"", ""iteration_limit:event:e21a14dfb435adc03deb42dd"", ""repeated_abstract_instance:instance:645905008958db0fe178d1d8"", ""unknown_call:effect:37648a9a36fec144f859593e"", ""unknown_call:effect:55773bf3ad815ad02d41db3c"", ""unknown_call:effect:7e5e49d27f75102bf4f4c6e0"", ""unknown_call:effect:833cb3b77913686d897ba5c4"", ""unknown_call:effect:a11784f0c148d06e3d73753d"", ""unknown_call:effect:a6456e33e1b08a46cb6e61bf"", ""unknown_call:effect:a94ed110d6de527e798fda43"", ""unknown_call:effect:c732a61924a0e9cadc5552b5"", ""unknown_call:effect:e24917c0953a06cfc3693673"", ""unknown_call:effect:e4e39e95ff092c034be5395e""]","[""external_callee_resource_effects_unmodeled"", ""iteration_limit:event:e21a14dfb435adc03deb42dd"", ""repeated_abstract_instance:instance:645905008958db0fe178d1d8"", ""unknown_call:effect:37648a9a36fec144f859593e"", ""unknown_call:effect:55773bf3ad815ad02d41db3c"", ""unknown_call:effect:7e5e49d27f75102bf4f4c6e0"", ""unknown_call:effect:833cb3b77913686d897ba5c4"", ""unknown_call:effect:a11784f0c148d06e3d73753d"", ""unknown_call:effect:a6456e33e1b08a46cb6e61bf"", ""unknown_call:effect:a94ed110d6de527e798fda43"", ""unknown_call:effect:c732a61924a0e9cadc5552b5"", ""unknown_call:effect:e24917c0953a06cfc3693673"", ""unknown_call:effect:e4e39e95ff092c034be5395e""]","[""lifecycle-fact:166b3c3edc56f9d9268201ac"", ""lifecycle-fact:73e58993f3fe987d7e7535a6""]"
independent_modules,disable_cross_event_propagation,resource-property-v1.2:b79d944fe573d1aac4d48de5,java-callable-v1:org.apache.hertzbeat.common.util.ArrowUtil.serializeMultipleRoots(Ljava/util/List;)[B,family:a455f1a3be6e855e000f1d8d,,item_size_bytes,per_instance,all_modeled_exits,unknown,,,[],"[""external_callee_resource_effects_unmodeled"", ""iteration_limit:event:e21a14dfb435adc03deb42dd"", ""repeated_abstract_instance:instance:645905008958db0fe178d1d8"", ""unknown_call:effect:37648a9a36fec144f859593e"", ""unknown_call:effect:55773bf3ad815ad02d41db3c"", ""unknown_call:effect:7e5e49d27f75102bf4f4c6e0"", ""unknown_call:effect:833cb3b77913686d897ba5c4"", ""unknown_call:effect:a11784f0c148d06e3d73753d"", ""unknown_call:effect:a6456e33e1b08a46cb6e61bf"", ""unknown_call:effect:a94ed110d6de527e798fda43"", ""unknown_call:effect:c732a61924a0e9cadc5552b5"", ""unknown_call:effect:e24917c0953a06cfc3693673"", ""unknown_call:effect:e4e39e95ff092c034be5395e""]","[""external_callee_resource_effects_unmodeled"", ""iteration_limit:event:e21a14dfb435adc03deb42dd"", ""repeated_abstract_instance:instance:645905008958db0fe178d1d8"", ""unknown_call:effect:37648a9a36fec144f859593e"", ""unknown_call:effect:55773bf3ad815ad02d41db3c"", ""unknown_call:effect:7e5e49d27f75102bf4f4c6e0"", ""unknown_call:effect:833cb3b77913686d897ba5c4"", ""unknown_call:effect:a11784f0c148d06e3d73753d"", ""unknown_call:effect:a6456e33e1b08a46cb6e61bf"", ""unknown_call:effect:a94ed110d6de527e798fda43"", ""unknown_call:effect:c732a61924a0e9cadc5552b5"", ""unknown_call:effect:e24917c0953a06cfc3693673"", ""unknown_call:effect:e4e39e95ff092c034be5395e""]","[""lifecycle-fact:166b3c3edc56f9d9268201ac"", ""lifecycle-fact:73e58993f3fe987d7e7535a6""]"
independent_modules,disable_cross_event_propagation,resource-property-v1.2:c0e37bed64527e6e65976c27,java-callable-v1:org.apache.hertzbeat.common.util.ArrowUtil.serializeMultipleRoots(Ljava/util/List;)[B,family:6cb64f6d98c1c785db24237d,,item_size_bytes,per_instance,all_modeled_exits,unknown,,,[],"[""external_callee_resource_effects_unmodeled"", ""iteration_limit:event:e21a14dfb435adc03deb42dd"", ""repeated_abstract_instance:instance:645905008958db0fe178d1d8"", ""unknown_call:effect:37648a9a36fec144f859593e"", ""unknown_call:effect:55773bf3ad815ad02d41db3c"", ""unknown_call:effect:7e5e49d27f75102bf4f4c6e0"", ""unknown_call:effect:833cb3b77913686d897ba5c4"", ""unknown_call:effect:a11784f0c148d06e3d73753d"", ""unknown_call:effect:a6456e33e1b08a46cb6e61bf"", ""unknown_call:effect:a94ed110d6de527e798fda43"", ""unknown_call:effect:c732a61924a0e9cadc5552b5"", ""unknown_call:effect:e24917c0953a06cfc3693673"", ""unknown_call:effect:e4e39e95ff092c034be5395e""]","[""external_callee_resource_effects_unmodeled"", ""iteration_limit:event:e21a14dfb435adc03deb42dd"", ""repeated_abstract_instance:instance:645905008958db0fe178d1d8"", ""unknown_call:effect:37648a9a36fec144f859593e"", ""unknown_call:effect:55773bf3ad815ad02d41db3c"", ""unknown_call:effect:7e5e49d27f75102bf4f4c6e0"", ""unknown_call:effect:833cb3b77913686d897ba5c4"", ""unknown_call:effect:a11784f0c148d06e3d73753d"", ""unknown_call:effect:a6456e33e1b08a46cb6e61bf"", ""unknown_call:effect:a94ed110d6de527e798fda43"", ""unknown_call:effect:c732a61924a0e9cadc5552b5"", ""unknown_call:effect:e24917c0953a06cfc3693673"", ""unknown_call:effect:e4e39e95ff092c034be5395e""]","[""lifecycle-fact:0e26ed6eb156ccaf6342de14"", ""lifecycle-fact:8f6fed839c6589e1eee3a7f0"", ""lifecycle-fact:a2426d5c52b2e89910353616"", ""lifecycle-fact:acb41527e2ccce8cc119ccda""]"
independent_modules,disable_cross_event_propagation,resource-property-v1.2:e4151b1fc8814871549e1cd0,java-callable-v1:org.apache.hertzbeat.common.util.ArrowUtil.serializeMultipleRoots(Ljava/util/List;)[B,family:6cb64f6d98c1c785db24237d,,held_instances,all_exits,all_modeled_exits,unknown,,,[],"[""external_callee_resource_effects_unmodeled"", ""iteration_limit:event:e21a14dfb435adc03deb42dd"", ""repeated_abstract_instance:instance:645905008958db0fe178d1d8"", ""unknown_call:effect:37648a9a36fec144f859593e"", ""unknown_call:effect:55773bf3ad815ad02d41db3c"", ""unknown_call:effect:7e5e49d27f75102bf4f4c6e0"", ""unknown_call:effect:833cb3b77913686d897ba5c4"", ""unknown_call:effect:a11784f0c148d06e3d73753d"", ""unknown_call:effect:a6456e33e1b08a46cb6e61bf"", ""unknown_call:effect:a94ed110d6de527e798fda43"", ""unknown_call:effect:c732a61924a0e9cadc5552b5"", ""unknown_call:effect:e24917c0953a06cfc3693673"", ""unknown_call:effect:e4e39e95ff092c034be5395e""]","[""external_callee_resource_effects_unmodeled"", ""iteration_limit:event:e21a14dfb435adc03deb42dd"", ""repeated_abstract_instance:instance:645905008958db0fe178d1d8"", ""unknown_call:effect:37648a9a36fec144f859593e"", ""unknown_call:effect:55773bf3ad815ad02d41db3c"", ""unknown_call:effect:7e5e49d27f75102bf4f4c6e0"", ""unknown_call:effect:833cb3b77913686d897ba5c4"", ""unknown_call:effect:a11784f0c148d06e3d73753d"", ""unknown_call:effect:a6456e33e1b08a46cb6e61bf"", ""unknown_call:effect:a94ed110d6de527e798fda43"", ""unknown_call:effect:c732a61924a0e9cadc5552b5"", ""unknown_call:effect:e24917c0953a06cfc3693673"", ""unknown_call:effect:e4e39e95ff092c034be5395e""]","[""lifecycle-fact:0e26ed6eb156ccaf6342de14"", ""lifecycle-fact:8f6fed839c6589e1eee3a7f0"", ""lifecycle-fact:a2426d5c52b2e89910353616"", ""lifecycle-fact:acb41527e2ccce8cc119ccda""]"
independent_modules,full,resource-property-v1.2:57d4e75e96f7f0cd6fe49746,java-callable-v1:org.apache.hertzbeat.common.support.CommonThreadPool.createLegacyExecutor(Ljava/lang/Thread$UncaughtExceptionHandler;)Ljava/util/concurrent/ExecutorService;,family:fe2b3c6c4c988c21a9301ba0,,held_instances,all_exits,all_modeled_exits,unknown,,,[],"[""returned_resource_ownership_unmodeled"", ""unknown_call:effect:cd3c762fa7689f7478a79448""]","[""returned_resource_ownership_unmodeled"", ""unknown_call:effect:cd3c762fa7689f7478a79448""]","[""lifecycle-fact:d09d6f936309af9bdc01f93e""]"
independent_modules,full,resource-property-v1.2:91949cf4f382f2d006045805,java-callable-v1:org.apache.hertzbeat.common.support.CommonThreadPool.createLegacyExecutor(Ljava/lang/Thread$UncaughtExceptionHandler;)Ljava/util/concurrent/ExecutorService;,family:fe2b3c6c4c988c21a9301ba0,,item_size_bytes,per_instance,all_modeled_exits,unknown,,,[],"[""returned_resource_ownership_unmodeled"", ""unknown_call:effect:cd3c762fa7689f7478a79448""]","[""returned_resource_ownership_unmodeled"", ""unknown_call:effect:cd3c762fa7689f7478a79448""]","[""lifecycle-fact:d09d6f936309af9bdc01f93e""]"
independent_modules,full,resource-property-v1.2:aed6da24de549784ac0088b4,java-callable-v1:org.apache.hertzbeat.common.support.CommonThreadPool.createLegacyExecutor(Ljava/lang/Thread$UncaughtExceptionHandler;)Ljava/util/concurrent/ExecutorService;,family:fe2b3c6c4c988c21a9301ba0,,close_obligation,all_exits,all_modeled_exits,unknown,,,[],"[""returned_resource_ownership_unmodeled"", ""unknown_call:effect:cd3c762fa7689f7478a79448""]","[""returned_resource_ownership_unmodeled"", ""unknown_call:effect:cd3c762fa7689f7478a79448""]","[""lifecycle-fact:d09d6f936309af9bdc01f93e""]"
independent_modules,disable_cross_event_propagation,resource-property-v1.2:57d4e75e96f7f0cd6fe49746,java-callable-v1:org.apache.hertzbeat.common.support.CommonThreadPool.createLegacyExecutor(Ljava/lang/Thread$UncaughtExceptionHandler;)Ljava/util/concurrent/ExecutorService;,family:fe2b3c6c4c988c21a9301ba0,,held_instances,all_exits,all_modeled_exits,unknown,,,[],"[""returned_resource_ownership_unmodeled"", ""unknown_call:effect:cd3c762fa7689f7478a79448""]","[""returned_resource_ownership_unmodeled"", ""unknown_call:effect:cd3c762fa7689f7478a79448""]","[""lifecycle-fact:d09d6f936309af9bdc01f93e""]"
independent_modules,disable_cross_event_propagation,resource-property-v1.2:91949cf4f382f2d006045805,java-callable-v1:org.apache.hertzbeat.common.support.CommonThreadPool.createLegacyExecutor(Ljava/lang/Thread$UncaughtExceptionHandler;)Ljava/util/concurrent/ExecutorService;,family:fe2b3c6c4c988c21a9301ba0,,item_size_bytes,per_instance,all_modeled_exits,unknown,,,[],"[""returned_resource_ownership_unmodeled"", ""unknown_call:effect:cd3c762fa7689f7478a79448""]","[""returned_resource_ownership_unmodeled"", ""unknown_call:effect:cd3c762fa7689f7478a79448""]","[""lifecycle-fact:d09d6f936309af9bdc01f93e""]"
independent_modules,disable_cross_event_propagation,resource-property-v1.2:aed6da24de549784ac0088b4,java-callable-v1:org.apache.hertzbeat.common.support.CommonThreadPool.createLegacyExecutor(Ljava/lang/Thread$UncaughtExceptionHandler;)Ljava/util/concurrent/ExecutorService;,family:fe2b3c6c4c988c21a9301ba0,,close_obligation,all_exits,all_modeled_exits,unknown,,,[],"[""returned_resource_ownership_unmodeled"", ""unknown_call:effect:cd3c762fa7689f7478a79448""]","[""returned_resource_ownership_unmodeled"", ""unknown_call:effect:cd3c762fa7689f7478a79448""]","[""lifecycle-fact:d09d6f936309af9bdc01f93e""]"
