"entry","col1"
"doPost","Framework: servlet | Class: RequestInfoExample | Method: doPost | EntryType: servlet:doPost | Param[0]: request | Type: HttpServletRequest | ValueSpace: Unlimited"
"doPost","Framework: servlet | Class: RequestInfoExample | Method: doPost | EntryType: servlet:doPost | Param[1]: response | Type: HttpServletResponse | ValueSpace: Unlimited"
"doPost","Framework: servlet | Class: SessionExample | Method: doPost | EntryType: servlet:doPost | Param[0]: request | Type: HttpServletRequest | ValueSpace: Unlimited"
"doPost","Framework: servlet | Class: SessionExample | Method: doPost | EntryType: servlet:doPost | Param[1]: response | Type: HttpServletResponse | ValueSpace: Unlimited"
"doPost","Framework: servlet | Class: RequestHeaderExample | Method: doPost | EntryType: servlet:doPost | Param[0]: request | Type: HttpServletRequest | ValueSpace: Unlimited"
"doPost","Framework: servlet | Class: RequestHeaderExample | Method: doPost | EntryType: servlet:doPost | Param[1]: response | Type: HttpServletResponse | ValueSpace: Unlimited"
"service","Framework: servlet | Class: async.Async1 | Method: service | EntryType: servlet:service | Param[0]: req | Type: HttpServletRequest | ValueSpace: Unlimited"
"service","Framework: servlet | Class: async.Async1 | Method: service | EntryType: servlet:service | Param[1]: resp | Type: HttpServletResponse | ValueSpace: Unlimited"
"doGet","Framework: servlet | Class: HelloWorldExample | Method: doGet | EntryType: servlet:doGet | Param[0]: request | Type: HttpServletRequest | ValueSpace: Unlimited"
"doGet","Framework: servlet | Class: HelloWorldExample | Method: doGet | EntryType: servlet:doGet | Param[1]: response | Type: HttpServletResponse | ValueSpace: Unlimited"
"doPost","Framework: servlet | Class: CookieExample | Method: doPost | EntryType: servlet:doPost | Param[0]: request | Type: HttpServletRequest | ValueSpace: Unlimited"
"doPost","Framework: servlet | Class: CookieExample | Method: doPost | EntryType: servlet:doPost | Param[1]: response | Type: HttpServletResponse | ValueSpace: Unlimited"
"doGet","Framework: servlet | Class: ServletToJsp | Method: doGet | EntryType: servlet:doGet | Param[0]: request | Type: HttpServletRequest | ValueSpace: Unlimited"
"doGet","Framework: servlet | Class: ServletToJsp | Method: doGet | EntryType: servlet:doGet | Param[1]: response | Type: HttpServletResponse | ValueSpace: Unlimited"
"doGet","Framework: servlet | Class: SessionExample | Method: doGet | EntryType: servlet:doGet | Param[0]: request | Type: HttpServletRequest | ValueSpace: Unlimited"
"doGet","Framework: servlet | Class: SessionExample | Method: doGet | EntryType: servlet:doGet | Param[1]: response | Type: HttpServletResponse | ValueSpace: Unlimited"
"service","Framework: servlet | Class: async.Async3 | Method: service | EntryType: servlet:service | Param[0]: req | Type: HttpServletRequest | ValueSpace: Unlimited"
"service","Framework: servlet | Class: async.Async3 | Method: service | EntryType: servlet:service | Param[1]: resp | Type: HttpServletResponse | ValueSpace: Unlimited"
"service","Framework: servlet | Class: async.Async2 | Method: service | EntryType: servlet:service | Param[0]: req | Type: HttpServletRequest | ValueSpace: Unlimited"
"service","Framework: servlet | Class: async.Async2 | Method: service | EntryType: servlet:service | Param[1]: resp | Type: HttpServletResponse | ValueSpace: Unlimited"
"doPost","Framework: servlet | Class: RequestParamExample | Method: doPost | EntryType: servlet:doPost | Param[0]: request | Type: HttpServletRequest | ValueSpace: Unlimited"
"doPost","Framework: servlet | Class: RequestParamExample | Method: doPost | EntryType: servlet:doPost | Param[1]: response | Type: HttpServletResponse | ValueSpace: Unlimited"
"service","Framework: servlet | Class: async.Async0 | Method: service | EntryType: servlet:service | Param[0]: req | Type: HttpServletRequest | ValueSpace: Unlimited"
"service","Framework: servlet | Class: async.Async0 | Method: service | EntryType: servlet:service | Param[1]: resp | Type: HttpServletResponse | ValueSpace: Unlimited"
"doGet","Framework: servlet | Class: RequestInfoExample | Method: doGet | EntryType: servlet:doGet | Param[0]: request | Type: HttpServletRequest | ValueSpace: Unlimited"
"doGet","Framework: servlet | Class: RequestInfoExample | Method: doGet | EntryType: servlet:doGet | Param[1]: response | Type: HttpServletResponse | ValueSpace: Unlimited"
"doGet","Framework: servlet | Class: RequestParamExample | Method: doGet | EntryType: servlet:doGet | Param[0]: request | Type: HttpServletRequest | ValueSpace: Unlimited"
"doGet","Framework: servlet | Class: RequestParamExample | Method: doGet | EntryType: servlet:doGet | Param[1]: response | Type: HttpServletResponse | ValueSpace: Unlimited"
"doGet","Framework: servlet | Class: CookieExample | Method: doGet | EntryType: servlet:doGet | Param[0]: request | Type: HttpServletRequest | ValueSpace: Unlimited"
"doGet","Framework: servlet | Class: CookieExample | Method: doGet | EntryType: servlet:doGet | Param[1]: response | Type: HttpServletResponse | ValueSpace: Unlimited"
"doGet","Framework: servlet | Class: RequestHeaderExample | Method: doGet | EntryType: servlet:doGet | Param[0]: request | Type: HttpServletRequest | ValueSpace: Unlimited"
"doGet","Framework: servlet | Class: RequestHeaderExample | Method: doGet | EntryType: servlet:doGet | Param[1]: response | Type: HttpServletResponse | ValueSpace: Unlimited"
"service","Framework: servlet | Class: async.AsyncStockServlet | Method: service | EntryType: servlet:service | Param[0]: req | Type: HttpServletRequest | ValueSpace: Unlimited"
"service","Framework: servlet | Class: async.AsyncStockServlet | Method: service | EntryType: servlet:service | Param[1]: resp | Type: HttpServletResponse | ValueSpace: Unlimited"
"doGet","Framework: servlet | Class: compressionFilters.CompressionFilterTestServlet | Method: doGet | EntryType: servlet:doGet | Param[0]: request | Type: HttpServletRequest | ValueSpace: Unlimited"
"doGet","Framework: servlet | Class: compressionFilters.CompressionFilterTestServlet | Method: doGet | EntryType: servlet:doGet | Param[1]: response | Type: HttpServletResponse | ValueSpace: Unlimited"
"doGet","Framework: servlet | Class: http2.SimpleImagePush | Method: doGet | EntryType: servlet:doGet | Param[0]: req | Type: HttpServletRequest | ValueSpace: Unlimited"
"doGet","Framework: servlet | Class: http2.SimpleImagePush | Method: doGet | EntryType: servlet:doGet | Param[1]: resp | Type: HttpServletResponse | ValueSpace: Unlimited"
"doPost","Framework: servlet | Class: javax.servlet.ServletRequestParametersBaseTest$ParameterParsingServlet | Method: doPost | EntryType: servlet:doPost | Param[0]: req | Type: HttpServletRequest | ValueSpace: Unlimited"
"doPost","Framework: servlet | Class: javax.servlet.ServletRequestParametersBaseTest$ParameterParsingServlet | Method: doPost | EntryType: servlet:doPost | Param[1]: resp | Type: HttpServletResponse | ValueSpace: Unlimited"
"doGet","Framework: servlet | Class: javax.servlet.ServletRequestParametersBaseTest$ParameterParsingServlet | Method: doGet | EntryType: servlet:doGet | Param[0]: req | Type: HttpServletRequest | ValueSpace: Unlimited"
"doGet","Framework: servlet | Class: javax.servlet.ServletRequestParametersBaseTest$ParameterParsingServlet | Method: doGet | EntryType: servlet:doGet | Param[1]: resp | Type: HttpServletResponse | ValueSpace: Unlimited"
"doGet","Framework: servlet | Class: javax.servlet.annotation.TestServletSecurity$FooBar | Method: doGet | EntryType: servlet:doGet | Param[0]: req | Type: HttpServletRequest | ValueSpace: Unlimited"
"doGet","Framework: servlet | Class: javax.servlet.annotation.TestServletSecurity$FooBar | Method: doGet | EntryType: servlet:doGet | Param[1]: resp | Type: HttpServletResponse | ValueSpace: Unlimited"
"doGet","Framework: servlet | Class: javax.servlet.annotation.TestServletSecurityMappings$Ok | Method: doGet | EntryType: servlet:doGet | Param[0]: req | Type: HttpServletRequest | ValueSpace: Unlimited"
"doGet","Framework: servlet | Class: javax.servlet.annotation.TestServletSecurityMappings$Ok | Method: doGet | EntryType: servlet:doGet | Param[1]: resp | Type: HttpServletResponse | ValueSpace: Unlimited"
"doGet","Framework: servlet | Class: javax.servlet.annotation.TestServletSecurity$Foo | Method: doGet | EntryType: servlet:doGet | Param[0]: req | Type: HttpServletRequest | ValueSpace: Unlimited"
"doGet","Framework: servlet | Class: javax.servlet.annotation.TestServletSecurity$Foo | Method: doGet | EntryType: servlet:doGet | Param[1]: resp | Type: HttpServletResponse | ValueSpace: Unlimited"
"service","Framework: servlet | Class: javax.servlet.http.HttpServlet | Method: service | EntryType: servlet:service | Param[0]: req | Type: ServletRequest | ValueSpace: Unlimited"
"service","Framework: servlet | Class: javax.servlet.http.HttpServlet | Method: service | EntryType: servlet:service | Param[1]: res | Type: ServletResponse | ValueSpace: Unlimited"
"service","Framework: servlet | Class: javax.servlet.http.HttpServlet | Method: service | EntryType: servlet:service | Param[0]: req | Type: HttpServletRequest | ValueSpace: Unlimited"
"service","Framework: servlet | Class: javax.servlet.http.HttpServlet | Method: service | EntryType: servlet:service | Param[1]: resp | Type: HttpServletResponse | ValueSpace: Unlimited"
"doGet","Framework: servlet | Class: javax.servlet.http.HttpServletDoHeadBaseTest$HeadTestServlet | Method: doGet | EntryType: servlet:doGet | Param[0]: req | Type: HttpServletRequest | ValueSpace: Unlimited"
"doGet","Framework: servlet | Class: javax.servlet.http.HttpServletDoHeadBaseTest$HeadTestServlet | Method: doGet | EntryType: servlet:doGet | Param[1]: resp | Type: HttpServletResponse | ValueSpace: Unlimited"
"doTrace","Framework: servlet | Class: javax.servlet.http.HttpServlet | Method: doTrace | EntryType: servlet:doTrace | Param[0]: req | Type: HttpServletRequest | ValueSpace: Unlimited"
"doTrace","Framework: servlet | Class: javax.servlet.http.HttpServlet | Method: doTrace | EntryType: servlet:doTrace | Param[1]: resp | Type: HttpServletResponse | ValueSpace: Unlimited"
"doOptions","Framework: servlet | Class: javax.servlet.http.HttpServlet | Method: doOptions | EntryType: servlet:doOptions | Param[0]: req | Type: HttpServletRequest | ValueSpace: Unlimited"
"doOptions","Framework: servlet | Class: javax.servlet.http.HttpServlet | Method: doOptions | EntryType: servlet:doOptions | Param[1]: resp | Type: HttpServletResponse | ValueSpace: Unlimited"
"doDelete","Framework: servlet | Class: javax.servlet.http.HttpServlet | Method: doDelete | EntryType: servlet:doDelete | Param[0]: req | Type: HttpServletRequest | ValueSpace: Unlimited"
"doDelete","Framework: servlet | Class: javax.servlet.http.HttpServlet | Method: doDelete | EntryType: servlet:doDelete | Param[1]: resp | Type: HttpServletResponse | ValueSpace: Unlimited"
"doPut","Framework: servlet | Class: javax.servlet.http.HttpServlet | Method: doPut | EntryType: servlet:doPut | Param[0]: req | Type: HttpServletRequest | ValueSpace: Unlimited"
"doPut","Framework: servlet | Class: javax.servlet.http.HttpServlet | Method: doPut | EntryType: servlet:doPut | Param[1]: resp | Type: HttpServletResponse | ValueSpace: Unlimited"
"doPost","Framework: servlet | Class: javax.servlet.http.HttpServlet | Method: doPost | EntryType: servlet:doPost | Param[0]: req | Type: HttpServletRequest | ValueSpace: Unlimited"
"doPost","Framework: servlet | Class: javax.servlet.http.HttpServlet | Method: doPost | EntryType: servlet:doPost | Param[1]: resp | Type: HttpServletResponse | ValueSpace: Unlimited"
"doHead","Framework: servlet | Class: javax.servlet.http.HttpServlet | Method: doHead | EntryType: servlet:doHead | Param[0]: req | Type: HttpServletRequest | ValueSpace: Unlimited"
"doHead","Framework: servlet | Class: javax.servlet.http.HttpServlet | Method: doHead | EntryType: servlet:doHead | Param[1]: resp | Type: HttpServletResponse | ValueSpace: Unlimited"
"doGet","Framework: servlet | Class: javax.servlet.http.HttpServlet | Method: doGet | EntryType: servlet:doGet | Param[0]: req | Type: HttpServletRequest | ValueSpace: Unlimited"
"doGet","Framework: servlet | Class: javax.servlet.http.HttpServlet | Method: doGet | EntryType: servlet:doGet | Param[1]: resp | Type: HttpServletResponse | ValueSpace: Unlimited"
"doGet","Framework: servlet | Class: javax.servlet.http.TestHttpServlet$Bug57602ServletInner | Method: doGet | EntryType: servlet:doGet | Param[0]: req | Type: HttpServletRequest | ValueSpace: Unlimited"
"doGet","Framework: servlet | Class: javax.servlet.http.TestHttpServlet$Bug57602ServletInner | Method: doGet | EntryType: servlet:doGet | Param[1]: resp | Type: HttpServletResponse | ValueSpace: Unlimited"
"doGet","Framework: servlet | Class: javax.servlet.http.TestHttpServlet$Bug57602ServletOuter | Method: doGet | EntryType: servlet:doGet | Param[0]: req | Type: HttpServletRequest | ValueSpace: Unlimited"
"doGet","Framework: servlet | Class: javax.servlet.http.TestHttpServlet$Bug57602ServletOuter | Method: doGet | EntryType: servlet:doGet | Param[1]: resp | Type: HttpServletResponse | ValueSpace: Unlimited"
"doGet","Framework: servlet | Class: javax.servlet.http.TestHttpServlet$ChunkingServlet | Method: doGet | EntryType: servlet:doGet | Param[0]: req | Type: HttpServletRequest | ValueSpace: Unlimited"
"doGet","Framework: servlet | Class: javax.servlet.http.TestHttpServlet$ChunkingServlet | Method: doGet | EntryType: servlet:doGet | Param[1]: resp | Type: HttpServletResponse | ValueSpace: Unlimited"
"doGet","Framework: servlet | Class: javax.servlet.http.TestHttpServlet$LargeBodyServlet | Method: doGet | EntryType: servlet:doGet | Param[0]: req | Type: HttpServletRequest | ValueSpace: Unlimited"
"doGet","Framework: servlet | Class: javax.servlet.http.TestHttpServlet$LargeBodyServlet | Method: doGet | EntryType: servlet:doGet | Param[1]: resp | Type: HttpServletResponse | ValueSpace: Unlimited"
"doGet","Framework: servlet | Class: javax.servlet.http.TestHttpServlet$OptionsServlet | Method: doGet | EntryType: servlet:doGet | Param[0]: req | Type: HttpServletRequest | ValueSpace: Unlimited"
"doGet","Framework: servlet | Class: javax.servlet.http.TestHttpServlet$OptionsServlet | Method: doGet | EntryType: servlet:doGet | Param[1]: resp | Type: HttpServletResponse | ValueSpace: Unlimited"
"doGet","Framework: servlet | Class: javax.servlet.http.TestHttpServlet$ResetBufferServlet | Method: doGet | EntryType: servlet:doGet | Param[0]: req | Type: HttpServletRequest | ValueSpace: Unlimited"
"doGet","Framework: servlet | Class: javax.servlet.http.TestHttpServlet$ResetBufferServlet | Method: doGet | EntryType: servlet:doGet | Param[1]: resp | Type: HttpServletResponse | ValueSpace: Unlimited"
"doGet","Framework: servlet | Class: javax.servlet.http.TestHttpServlet$NonBlockingWriteServlet | Method: doGet | EntryType: servlet:doGet | Param[0]: req | Type: HttpServletRequest | ValueSpace: Unlimited"
"doGet","Framework: servlet | Class: javax.servlet.http.TestHttpServlet$NonBlockingWriteServlet | Method: doGet | EntryType: servlet:doGet | Param[1]: resp | Type: HttpServletResponse | ValueSpace: Unlimited"
"doGet","Framework: servlet | Class: javax.servlet.http.TestHttpServlet$ResetServlet | Method: doGet | EntryType: servlet:doGet | Param[0]: req | Type: HttpServletRequest | ValueSpace: Unlimited"
"doGet","Framework: servlet | Class: javax.servlet.http.TestHttpServlet$ResetServlet | Method: doGet | EntryType: servlet:doGet | Param[1]: resp | Type: HttpServletResponse | ValueSpace: Unlimited"
"doPost","Framework: servlet | Class: javax.servlet.http.TestHttpServlet$OptionsServletSub | Method: doPost | EntryType: servlet:doPost | Param[0]: req | Type: HttpServletRequest | ValueSpace: Unlimited"
"doPost","Framework: servlet | Class: javax.servlet.http.TestHttpServlet$OptionsServletSub | Method: doPost | EntryType: servlet:doPost | Param[1]: resp | Type: HttpServletResponse | ValueSpace: Unlimited"
"doGet","Framework: servlet | Class: javax.servlet.http.TestHttpServletResponseSendError$ErrorServletStaticException | Method: doGet | EntryType: servlet:doGet | Param[0]: req | Type: HttpServletRequest | ValueSpace: Unlimited"
"doGet","Framework: servlet | Class: javax.servlet.http.TestHttpServletResponseSendError$ErrorServletStaticException | Method: doGet | EntryType: servlet:doGet | Param[1]: resp | Type: HttpServletResponse | ValueSpace: Unlimited"
"doGet","Framework: servlet | Class: javax.servlet.http.TestHttpServletResponseSendError$ErrorServletStatic599 | Method: doGet | EntryType: servlet:doGet | Param[0]: req | Type: HttpServletRequest | ValueSpace: Unlimited"
"doGet","Framework: servlet | Class: javax.servlet.http.TestHttpServletResponseSendError$ErrorServletStatic599 | Method: doGet | EntryType: servlet:doGet | Param[1]: resp | Type: HttpServletResponse | ValueSpace: Unlimited"
"doGet","Framework: servlet | Class: javax.servlet.http.TestHttpServletResponseSendError$TesterAsyncServlet | Method: doGet | EntryType: servlet:doGet | Param[0]: req | Type: HttpServletRequest | ValueSpace: Unlimited"
"doGet","Framework: servlet | Class: javax.servlet.http.TestHttpServletResponseSendError$TesterAsyncServlet | Method: doGet | EntryType: servlet:doGet | Param[1]: resp | Type: HttpServletResponse | ValueSpace: Unlimited"
"doGet","Framework: servlet | Class: javax.servlet.http.TestHttpServletResponseSendError$TesterDispatchServlet | Method: doGet | EntryType: servlet:doGet | Param[0]: req | Type: HttpServletRequest | ValueSpace: Unlimited"
"doGet","Framework: servlet | Class: javax.servlet.http.TestHttpServletResponseSendError$TesterDispatchServlet | Method: doGet | EntryType: servlet:doGet | Param[1]: resp | Type: HttpServletResponse | ValueSpace: Unlimited"
"doGet","Framework: servlet | Class: javax.servlet.http.TestHttpServletResponseSendError$TesterServlet | Method: doGet | EntryType: servlet:doGet | Param[0]: req | Type: HttpServletRequest | ValueSpace: Unlimited"
"doGet","Framework: servlet | Class: javax.servlet.http.TestHttpServletResponseSendError$TesterServlet | Method: doGet | EntryType: servlet:doGet | Param[1]: resp | Type: HttpServletResponse | ValueSpace: Unlimited"
"doPost","Framework: servlet | Class: nonblocking.ByteCounter | Method: doPost | EntryType: servlet:doPost | Param[0]: req | Type: HttpServletRequest | ValueSpace: Unlimited"
"doPost","Framework: servlet | Class: nonblocking.ByteCounter | Method: doPost | EntryType: servlet:doPost | Param[1]: resp | Type: HttpServletResponse | ValueSpace: Unlimited"
"doGet","Framework: servlet | Class: nonblocking.ByteCounter | Method: doGet | EntryType: servlet:doGet | Param[0]: req | Type: HttpServletRequest | ValueSpace: Unlimited"
"doGet","Framework: servlet | Class: nonblocking.ByteCounter | Method: doGet | EntryType: servlet:doGet | Param[1]: resp | Type: HttpServletResponse | ValueSpace: Unlimited"
"doGet","Framework: servlet | Class: mypackage.Hello | Method: doGet | EntryType: servlet:doGet | Param[0]: request | Type: HttpServletRequest | ValueSpace: Unlimited"
"doGet","Framework: servlet | Class: mypackage.Hello | Method: doGet | EntryType: servlet:doGet | Param[1]: response | Type: HttpServletResponse | ValueSpace: Unlimited"
"doGet","Framework: servlet | Class: nonblocking.NumberWriter | Method: doGet | EntryType: servlet:doGet | Param[0]: req | Type: HttpServletRequest | ValueSpace: Unlimited"
"doGet","Framework: servlet | Class: nonblocking.NumberWriter | Method: doGet | EntryType: servlet:doGet | Param[1]: resp | Type: HttpServletResponse | ValueSpace: Unlimited"
"doPut","Framework: servlet | Class: org.apache.catalina.authenticator.TestFormAuthenticatorA$SelectedMethodsServlet | Method: doPut | EntryType: servlet:doPut | Param[0]: req | Type: HttpServletRequest | ValueSpace: Unlimited"
"doPut","Framework: servlet | Class: org.apache.catalina.authenticator.TestFormAuthenticatorA$SelectedMethodsServlet | Method: doPut | EntryType: servlet:doPut | Param[1]: resp | Type: HttpServletResponse | ValueSpace: Unlimited"
"doPost","Framework: servlet | Class: org.apache.catalina.authenticator.TestFormAuthenticatorA$SelectedMethodsServlet | Method: doPost | EntryType: servlet:doPost | Param[0]: req | Type: HttpServletRequest | ValueSpace: Unlimited"
"doPost","Framework: servlet | Class: org.apache.catalina.authenticator.TestFormAuthenticatorA$SelectedMethodsServlet | Method: doPost | EntryType: servlet:doPost | Param[1]: resp | Type: HttpServletResponse | ValueSpace: Unlimited"
"doGet","Framework: servlet | Class: org.apache.catalina.authenticator.TestFormAuthenticatorA$SelectedMethodsServlet | Method: doGet | EntryType: servlet:doGet | Param[0]: req | Type: HttpServletRequest | ValueSpace: Unlimited"
"doGet","Framework: servlet | Class: org.apache.catalina.authenticator.TestFormAuthenticatorA$SelectedMethodsServlet | Method: doGet | EntryType: servlet:doGet | Param[1]: resp | Type: HttpServletResponse | ValueSpace: Unlimited"
"doGet","Framework: servlet | Class: org.apache.catalina.authenticator.TestSSOChangeSessionId$LoginServlet | Method: doGet | EntryType: servlet:doGet | Param[0]: request | Type: HttpServletRequest | ValueSpace: Unlimited"
"doGet","Framework: servlet | Class: org.apache.catalina.authenticator.TestSSOChangeSessionId$LoginServlet | Method: doGet | EntryType: servlet:doGet | Param[1]: response | Type: HttpServletResponse | ValueSpace: Unlimited"
"service","Framework: servlet | Class: org.apache.catalina.connector.TestClientReadTimeout$SyncServlet | Method: service | EntryType: servlet:service | Param[0]: req | Type: HttpServletRequest | ValueSpace: Unlimited"
"service","Framework: servlet | Class: org.apache.catalina.connector.TestClientReadTimeout$SyncServlet | Method: service | EntryType: servlet:service | Param[1]: resp | Type: HttpServletResponse | ValueSpace: Unlimited"
"doGet","Framework: servlet | Class: org.apache.catalina.connector.TestCoyoteAdapter$AsyncServlet | Method: doGet | EntryType: servlet:doGet | Param[0]: req | Type: HttpServletRequest | ValueSpace: Unlimited"
"doGet","Framework: servlet | Class: org.apache.catalina.connector.TestCoyoteAdapter$AsyncServlet | Method: doGet | EntryType: servlet:doGet | Param[1]: resp | Type: HttpServletResponse | ValueSpace: Unlimited"
"doPost","Framework: servlet | Class: org.apache.catalina.connector.TestCoyoteInputStream$TestServlet | Method: doPost | EntryType: servlet:doPost | Param[0]: req | Type: HttpServletRequest | ValueSpace: Unlimited"
"doPost","Framework: servlet | Class: org.apache.catalina.connector.TestCoyoteInputStream$TestServlet | Method: doPost | EntryType: servlet:doPost | Param[1]: resp | Type: HttpServletResponse | ValueSpace: Unlimited"
"doGet","Framework: servlet | Class: org.apache.catalina.connector.TestCoyoteAdapter$PathInfoServlet | Method: doGet | EntryType: servlet:doGet | Param[0]: req | Type: HttpServletRequest | ValueSpace: Unlimited"
"doGet","Framework: servlet | Class: org.apache.catalina.connector.TestCoyoteAdapter$PathInfoServlet | Method: doGet | EntryType: servlet:doGet | Param[1]: resp | Type: HttpServletResponse | ValueSpace: Unlimited"
"doGet","Framework: servlet | Class: org.apache.catalina.connector.TestCoyoteOutputStream$BlockingWriteServlet | Method: doGet | EntryType: servlet:doGet | Param[0]: req | Type: HttpServletRequest | ValueSpace: Unlimited"
"doGet","Framework: servlet | Class: org.apache.catalina.connector.TestCoyoteOutputStream$BlockingWriteServlet | Method: doGet | EntryType: servlet:doGet | Param[1]: resp | Type: HttpServletResponse | ValueSpace: Unlimited"
"doGet","Framework: servlet | Class: org.apache.catalina.connector.TestCoyoteOutputStream$TestServlet | Method: doGet | EntryType: servlet:doGet | Param[0]: req | Type: HttpServletRequest | ValueSpace: Unlimited"
"doGet","Framework: servlet | Class: org.apache.catalina.connector.TestCoyoteOutputStream$TestServlet | Method: doGet | EntryType: servlet:doGet | Param[1]: resp | Type: HttpServletResponse | ValueSpace: Unlimited"
"doGet","Framework: servlet | Class: org.apache.catalina.connector.TestCoyoteOutputStream$NonBlockingWriteServlet | Method: doGet | EntryType: servlet:doGet | Param[0]: req | Type: HttpServletRequest | ValueSpace: Unlimited"
"doGet","Framework: servlet | Class: org.apache.catalina.connector.TestCoyoteOutputStream$NonBlockingWriteServlet | Method: doGet | EntryType: servlet:doGet | Param[1]: resp | Type: HttpServletResponse | ValueSpace: Unlimited"
"doGet","Framework: servlet | Class: org.apache.catalina.connector.TestCoyoteAdapter$PathParamServlet | Method: doGet | EntryType: servlet:doGet | Param[0]: req | Type: HttpServletRequest | ValueSpace: Unlimited"
"doGet","Framework: servlet | Class: org.apache.catalina.connector.TestCoyoteAdapter$PathParamServlet | Method: doGet | EntryType: servlet:doGet | Param[1]: resp | Type: HttpServletResponse | ValueSpace: Unlimited"
"doPost","Framework: servlet | Class: org.apache.catalina.connector.TestInputBuffer$Utf8Echo | Method: doPost | EntryType: servlet:doPost | Param[0]: req | Type: HttpServletRequest | ValueSpace: Unlimited"
"doPost","Framework: servlet | Class: org.apache.catalina.connector.TestInputBuffer$Utf8Echo | Method: doPost | EntryType: servlet:doPost | Param[1]: resp | Type: HttpServletResponse | ValueSpace: Unlimited"
"doGet","Framework: servlet | Class: org.apache.catalina.connector.TestInputBuffer$Utf8Echo | Method: doGet | EntryType: servlet:doGet | Param[0]: req | Type: HttpServletRequest | ValueSpace: Unlimited"
"doGet","Framework: servlet | Class: org.apache.catalina.connector.TestInputBuffer$Utf8Echo | Method: doGet | EntryType: servlet:doGet | Param[1]: resp | Type: HttpServletResponse | ValueSpace: Unlimited"
"doPost","Framework: servlet | Class: org.apache.catalina.connector.TestInputBuffer$Bug60400Servlet | Method: doPost | EntryType: servlet:doPost | Param[0]: req | Type: HttpServletRequest | ValueSpace: Unlimited"
"doPost","Framework: servlet | Class: org.apache.catalina.connector.TestInputBuffer$Bug60400Servlet | Method: doPost | EntryType: servlet:doPost | Param[1]: resp | Type: HttpServletResponse | ValueSpace: Unlimited"
"doGet","Framework: servlet | Class: org.apache.catalina.connector.TestOutputBuffer$Bug52577Servlet | Method: doGet | EntryType: servlet:doGet | Param[0]: req | Type: HttpServletRequest | ValueSpace: Unlimited"
"doGet","Framework: servlet | Class: org.apache.catalina.connector.TestOutputBuffer$Bug52577Servlet | Method: doGet | EntryType: servlet:doGet | Param[1]: resp | Type: HttpServletResponse | ValueSpace: Unlimited"
"service","Framework: servlet | Class: org.apache.catalina.connector.TestMaxConnections$SimpleServlet | Method: service | EntryType: servlet:service | Param[0]: req | Type: HttpServletRequest | ValueSpace: Unlimited"
"service","Framework: servlet | Class: org.apache.catalina.connector.TestMaxConnections$SimpleServlet | Method: service | EntryType: servlet:service | Param[1]: resp | Type: HttpServletResponse | ValueSpace: Unlimited"
"service","Framework: servlet | Class: org.apache.catalina.connector.TestKeepAliveCount$SimpleServlet | Method: service | EntryType: servlet:service | Param[0]: req | Type: HttpServletRequest | ValueSpace: Unlimited"
"service","Framework: servlet | Class: org.apache.catalina.connector.TestKeepAliveCount$SimpleServlet | Method: service | EntryType: servlet:service | Param[1]: resp | Type: HttpServletResponse | ValueSpace: Unlimited"
"doGet","Framework: servlet | Class: org.apache.catalina.connector.TestOutputBuffer$Utf8WriteChars | Method: doGet | EntryType: servlet:doGet | Param[0]: req | Type: HttpServletRequest | ValueSpace: Unlimited"
"doGet","Framework: servlet | Class: org.apache.catalina.connector.TestOutputBuffer$Utf8WriteChars | Method: doGet | EntryType: servlet:doGet | Param[1]: resp | Type: HttpServletResponse | ValueSpace: Unlimited"
"doPost","Framework: servlet | Class: org.apache.catalina.connector.TestRequest$Bug61264GetReaderServlet | Method: doPost | EntryType: servlet:doPost | Param[0]: req | Type: HttpServletRequest | ValueSpace: Unlimited"
"doPost","Framework: servlet | Class: org.apache.catalina.connector.TestRequest$Bug61264GetReaderServlet | Method: doPost | EntryType: servlet:doPost | Param[1]: resp | Type: HttpServletResponse | ValueSpace: Unlimited"
"doPost","Framework: servlet | Class: org.apache.catalina.connector.TestRequest$Bug37794Servlet | Method: doPost | EntryType: servlet:doPost | Param[0]: req | Type: HttpServletRequest | ValueSpace: Unlimited"
"doPost","Framework: servlet | Class: org.apache.catalina.connector.TestRequest$Bug37794Servlet | Method: doPost | EntryType: servlet:doPost | Param[1]: resp | Type: HttpServletResponse | ValueSpace: Unlimited"
"doPost","Framework: servlet | Class: org.apache.catalina.connector.TestRequest$Bug69442Servlet | Method: doPost | EntryType: servlet:doPost | Param[0]: req | Type: HttpServletRequest | ValueSpace: Unlimited"
"doPost","Framework: servlet | Class: org.apache.catalina.connector.TestRequest$Bug69442Servlet | Method: doPost | EntryType: servlet:doPost | Param[1]: resp | Type: HttpServletResponse | ValueSpace: Unlimited"
"doGet","Framework: servlet | Class: org.apache.catalina.connector.TestRequest$Bug61264GetReaderServlet | Method: doGet | EntryType: servlet:doGet | Param[0]: req | Type: HttpServletRequest | ValueSpace: Unlimited"
"doGet","Framework: servlet | Class: org.apache.catalina.connector.TestRequest$Bug61264GetReaderServlet | Method: doGet | EntryType: servlet:doGet | Param[1]: resp | Type: HttpServletResponse | ValueSpace: Unlimited"
"doPost","Framework: servlet | Class: org.apache.catalina.connector.TestRequest$Bug54984Servlet | Method: doPost | EntryType: servlet:doPost | Param[0]: req | Type: HttpServletRequest | ValueSpace: Unlimited"
"doPost","Framework: servlet | Class: org.apache.catalina.connector.TestRequest$Bug54984Servlet | Method: doPost | EntryType: servlet:doPost | Param[1]: resp | Type: HttpServletResponse | ValueSpace: Unlimited"
"doGet","Framework: servlet | Class: org.apache.catalina.connector.TestRequest$Bug56501Servlet | Method: doGet | EntryType: servlet:doGet | Param[0]: req | Type: HttpServletRequest | ValueSpace: Unlimited"
"doGet","Framework: servlet | Class: org.apache.catalina.connector.TestRequest$Bug56501Servlet | Method: doGet | EntryType: servlet:doGet | Param[1]: resp | Type: HttpServletResponse | ValueSpace: Unlimited"
"service","Framework: servlet | Class: org.apache.catalina.connector.TestRequest$EchoParametersServlet | Method: service | EntryType: servlet:service | Param[0]: req | Type: HttpServletRequest | ValueSpace: Unlimited"
"service","Framework: servlet | Class: org.apache.catalina.connector.TestRequest$EchoParametersServlet | Method: service | EntryType: servlet:service | Param[1]: resp | Type: HttpServletResponse | ValueSpace: Unlimited"
"doGet","Framework: servlet | Class: org.apache.catalina.connector.TestRequest$EchoQueryStringServlet | Method: doGet | EntryType: servlet:doGet | Param[0]: req | Type: HttpServletRequest | ValueSpace: Unlimited"
"doGet","Framework: servlet | Class: org.apache.catalina.connector.TestRequest$EchoQueryStringServlet | Method: doGet | EntryType: servlet:doGet | Param[1]: resp | Type: HttpServletResponse | ValueSpace: Unlimited"
"doGet","Framework: servlet | Class: org.apache.catalina.connector.TestResponse$Bug49598Servlet | Method: doGet | EntryType: servlet:doGet | Param[0]: req | Type: HttpServletRequest | ValueSpace: Unlimited"
"doGet","Framework: servlet | Class: org.apache.catalina.connector.TestResponse$Bug49598Servlet | Method: doGet | EntryType: servlet:doGet | Param[1]: resp | Type: HttpServletResponse | ValueSpace: Unlimited"
"doGet","Framework: servlet | Class: org.apache.catalina.connector.TestOutputBuffer$WritingServlet | Method: doGet | EntryType: servlet:doGet | Param[0]: req | Type: HttpServletRequest | ValueSpace: Unlimited"
"doGet","Framework: servlet | Class: org.apache.catalina.connector.TestOutputBuffer$WritingServlet | Method: doGet | EntryType: servlet:doGet | Param[1]: resp | Type: HttpServletResponse | ValueSpace: Unlimited"
"doGet","Framework: servlet | Class: org.apache.catalina.connector.TestResponse$Bug52811Servlet | Method: doGet | EntryType: servlet:doGet | Param[0]: req | Type: HttpServletRequest | ValueSpace: Unlimited"
"doGet","Framework: servlet | Class: org.apache.catalina.connector.TestResponse$Bug52811Servlet | Method: doGet | EntryType: servlet:doGet | Param[1]: resp | Type: HttpServletResponse | ValueSpace: Unlimited"
"doGet","Framework: servlet | Class: org.apache.catalina.connector.TestResponse$CharsetServlet | Method: doGet | EntryType: servlet:doGet | Param[0]: req | Type: HttpServletRequest | ValueSpace: Unlimited"
"doGet","Framework: servlet | Class: org.apache.catalina.connector.TestResponse$CharsetServlet | Method: doGet | EntryType: servlet:doGet | Param[1]: resp | Type: HttpServletResponse | ValueSpace: Unlimited"
"doGet","Framework: servlet | Class: org.apache.catalina.connector.TestResponse$ErrorPageServlet | Method: doGet | EntryType: servlet:doGet | Param[0]: req | Type: HttpServletRequest | ValueSpace: Unlimited"
"doGet","Framework: servlet | Class: org.apache.catalina.connector.TestResponse$ErrorPageServlet | Method: doGet | EntryType: servlet:doGet | Param[1]: resp | Type: HttpServletResponse | ValueSpace: Unlimited"
"doGet","Framework: servlet | Class: org.apache.catalina.connector.TestRequest$LoginLogoutServlet | Method: doGet | EntryType: servlet:doGet | Param[0]: req | Type: HttpServletRequest | ValueSpace: Unlimited"
"doGet","Framework: servlet | Class: org.apache.catalina.connector.TestRequest$LoginLogoutServlet | Method: doGet | EntryType: servlet:doGet | Param[1]: resp | Type: HttpServletResponse | ValueSpace: Unlimited"
"doGet","Framework: servlet | Class: org.apache.catalina.connector.TestSendFile$WritingServlet | Method: doGet | EntryType: servlet:doGet | Param[0]: req | Type: HttpServletRequest | ValueSpace: Unlimited"
"doGet","Framework: servlet | Class: org.apache.catalina.connector.TestSendFile$WritingServlet | Method: doGet | EntryType: servlet:doGet | Param[1]: resp | Type: HttpServletResponse | ValueSpace: Unlimited"
"doGet","Framework: servlet | Class: org.apache.catalina.connector.TestSendFile$Bug60409Servlet | Method: doGet | EntryType: servlet:doGet | Param[0]: req | Type: HttpServletRequest | ValueSpace: Unlimited"
"doGet","Framework: servlet | Class: org.apache.catalina.connector.TestSendFile$Bug60409Servlet | Method: doGet | EntryType: servlet:doGet | Param[1]: resp | Type: HttpServletResponse | ValueSpace: Unlimited"
"doGet","Framework: servlet | Class: org.apache.catalina.core.TestApplicationContext$GetAttributeServlet | Method: doGet | EntryType: servlet:doGet | Param[0]: req | Type: HttpServletRequest | ValueSpace: Unlimited"
"doGet","Framework: servlet | Class: org.apache.catalina.core.TestApplicationContext$GetAttributeServlet | Method: doGet | EntryType: servlet:doGet | Param[1]: resp | Type: HttpServletResponse | ValueSpace: Unlimited"
"doGet","Framework: servlet | Class: org.apache.catalina.core.TestApplicationContext$Bug57190Servlet | Method: doGet | EntryType: servlet:doGet | Param[0]: req | Type: HttpServletRequest | ValueSpace: Unlimited"
"doGet","Framework: servlet | Class: org.apache.catalina.core.TestApplicationContext$Bug57190Servlet | Method: doGet | EntryType: servlet:doGet | Param[1]: resp | Type: HttpServletResponse | ValueSpace: Unlimited"
"doGet","Framework: servlet | Class: org.apache.catalina.core.TestApplicationContext$SetAttributeServlet | Method: doGet | EntryType: servlet:doGet | Param[0]: req | Type: HttpServletRequest | ValueSpace: Unlimited"
"doGet","Framework: servlet | Class: org.apache.catalina.core.TestApplicationContext$SetAttributeServlet | Method: doGet | EntryType: servlet:doGet | Param[1]: resp | Type: HttpServletResponse | ValueSpace: Unlimited"
"doGet","Framework: servlet | Class: org.apache.catalina.core.TestApplicationContextGetRequestDispatcher$AsyncDispatcherServlet | Method: doGet | EntryType: servlet:doGet | Param[0]: req | Type: HttpServletRequest | ValueSpace: Unlimited"
"doGet","Framework: servlet | Class: org.apache.catalina.core.TestApplicationContextGetRequestDispatcher$AsyncDispatcherServlet | Method: doGet | EntryType: servlet:doGet | Param[1]: resp | Type: HttpServletResponse | ValueSpace: Unlimited"
"doGet","Framework: servlet | Class: org.apache.catalina.core.TestApplicationContextGetRequestDispatcher$DispatcherServlet | Method: doGet | EntryType: servlet:doGet | Param[0]: req | Type: HttpServletRequest | ValueSpace: Unlimited"
"doGet","Framework: servlet | Class: org.apache.catalina.core.TestApplicationContextGetRequestDispatcher$DispatcherServlet | Method: doGet | EntryType: servlet:doGet | Param[1]: resp | Type: HttpServletResponse | ValueSpace: Unlimited"
"doGet","Framework: servlet | Class: org.apache.catalina.core.TestApplicationContextGetRequestDispatcher$Default404Servlet | Method: doGet | EntryType: servlet:doGet | Param[0]: req | Type: HttpServletRequest | ValueSpace: Unlimited"
"doGet","Framework: servlet | Class: org.apache.catalina.core.TestApplicationContextGetRequestDispatcher$Default404Servlet | Method: doGet | EntryType: servlet:doGet | Param[1]: resp | Type: HttpServletResponse | ValueSpace: Unlimited"
"doGet","Framework: servlet | Class: org.apache.catalina.core.TestApplicationContextGetRequestDispatcher$TargetServlet | Method: doGet | EntryType: servlet:doGet | Param[0]: req | Type: HttpServletRequest | ValueSpace: Unlimited"
"doGet","Framework: servlet | Class: org.apache.catalina.core.TestApplicationContextGetRequestDispatcher$TargetServlet | Method: doGet | EntryType: servlet:doGet | Param[1]: resp | Type: HttpServletResponse | ValueSpace: Unlimited"
"doGet","Framework: servlet | Class: org.apache.catalina.core.TestApplicationContextGetRequestDispatcherB$Dispatch | Method: doGet | EntryType: servlet:doGet | Param[0]: req | Type: HttpServletRequest | ValueSpace: Unlimited"
"doGet","Framework: servlet | Class: org.apache.catalina.core.TestApplicationContextGetRequestDispatcherB$Dispatch | Method: doGet | EntryType: servlet:doGet | Param[1]: resp | Type: HttpServletResponse | ValueSpace: Unlimited"
"doGet","Framework: servlet | Class: org.apache.catalina.core.TestApplicationContextGetRequestDispatcherB$Target | Method: doGet | EntryType: servlet:doGet | Param[0]: req | Type: HttpServletRequest | ValueSpace: Unlimited"
"doGet","Framework: servlet | Class: org.apache.catalina.core.TestApplicationContextGetRequestDispatcherB$Target | Method: doGet | EntryType: servlet:doGet | Param[1]: resp | Type: HttpServletResponse | ValueSpace: Unlimited"
"doGet","Framework: servlet | Class: org.apache.catalina.core.TestApplicationContextGetRequestDispatcherC$Dispatch | Method: doGet | EntryType: servlet:doGet | Param[0]: req | Type: HttpServletRequest | ValueSpace: Unlimited"
"doGet","Framework: servlet | Class: org.apache.catalina.core.TestApplicationContextGetRequestDispatcherC$Dispatch | Method: doGet | EntryType: servlet:doGet | Param[1]: resp | Type: HttpServletResponse | ValueSpace: Unlimited"
"doGet","Framework: servlet | Class: org.apache.catalina.core.TestApplicationHttpRequest$DisplayParameterServlet | Method: doGet | EntryType: servlet:doGet | Param[0]: req | Type: HttpServletRequest | ValueSpace: Unlimited"
"doGet","Framework: servlet | Class: org.apache.catalina.core.TestApplicationHttpRequest$DisplayParameterServlet | Method: doGet | EntryType: servlet:doGet | Param[1]: resp | Type: HttpServletResponse | ValueSpace: Unlimited"
"doGet","Framework: servlet | Class: org.apache.catalina.core.TestApplicationHttpRequest$ForwardServlet | Method: doGet | EntryType: servlet:doGet | Param[0]: req | Type: HttpServletRequest | ValueSpace: Unlimited"
"doGet","Framework: servlet | Class: org.apache.catalina.core.TestApplicationHttpRequest$ForwardServlet | Method: doGet | EntryType: servlet:doGet | Param[1]: resp | Type: HttpServletResponse | ValueSpace: Unlimited"
"doGet","Framework: servlet | Class: org.apache.catalina.core.TestApplicationContextGetRequestDispatcherC$Target | Method: doGet | EntryType: servlet:doGet | Param[0]: req | Type: HttpServletRequest | ValueSpace: Unlimited"
"doGet","Framework: servlet | Class: org.apache.catalina.core.TestApplicationContextGetRequestDispatcherC$Target | Method: doGet | EntryType: servlet:doGet | Param[1]: resp | Type: HttpServletResponse | ValueSpace: Unlimited"
"doGet","Framework: servlet | Class: org.apache.catalina.core.TestApplicationHttpRequest$ModifyParameterServlet | Method: doGet | EntryType: servlet:doGet | Param[0]: req | Type: HttpServletRequest | ValueSpace: Unlimited"
"doGet","Framework: servlet | Class: org.apache.catalina.core.TestApplicationHttpRequest$ModifyParameterServlet | Method: doGet | EntryType: servlet:doGet | Param[1]: resp | Type: HttpServletResponse | ValueSpace: Unlimited"
"doGet","Framework: servlet | Class: org.apache.catalina.core.TestApplicationMapping$IncludeServlet | Method: doGet | EntryType: servlet:doGet | Param[0]: req | Type: HttpServletRequest | ValueSpace: Unlimited"
"doGet","Framework: servlet | Class: org.apache.catalina.core.TestApplicationMapping$IncludeServlet | Method: doGet | EntryType: servlet:doGet | Param[1]: resp | Type: HttpServletResponse | ValueSpace: Unlimited"
"doGet","Framework: servlet | Class: org.apache.catalina.core.TestApplicationMapping$MappingServlet | Method: doGet | EntryType: servlet:doGet | Param[0]: req | Type: HttpServletRequest | ValueSpace: Unlimited"
"doGet","Framework: servlet | Class: org.apache.catalina.core.TestApplicationMapping$MappingServlet | Method: doGet | EntryType: servlet:doGet | Param[1]: resp | Type: HttpServletResponse | ValueSpace: Unlimited"
"doGet","Framework: servlet | Class: org.apache.catalina.core.TestApplicationMapping$NamedForwardServlet | Method: doGet | EntryType: servlet:doGet | Param[0]: req | Type: HttpServletRequest | ValueSpace: Unlimited"
"doGet","Framework: servlet | Class: org.apache.catalina.core.TestApplicationMapping$NamedForwardServlet | Method: doGet | EntryType: servlet:doGet | Param[1]: resp | Type: HttpServletResponse | ValueSpace: Unlimited"
"doGet","Framework: servlet | Class: org.apache.catalina.core.TestApplicationMapping$ForwardServlet | Method: doGet | EntryType: servlet:doGet | Param[0]: req | Type: HttpServletRequest | ValueSpace: Unlimited"
"doGet","Framework: servlet | Class: org.apache.catalina.core.TestApplicationMapping$ForwardServlet | Method: doGet | EntryType: servlet:doGet | Param[1]: resp | Type: HttpServletResponse | ValueSpace: Unlimited"
"doGet","Framework: servlet | Class: org.apache.catalina.core.TestApplicationMapping$AsyncServlet | Method: doGet | EntryType: servlet:doGet | Param[0]: req | Type: HttpServletRequest | ValueSpace: Unlimited"
"doGet","Framework: servlet | Class: org.apache.catalina.core.TestApplicationMapping$AsyncServlet | Method: doGet | EntryType: servlet:doGet | Param[1]: resp | Type: HttpServletResponse | ValueSpace: Unlimited"
"doGet","Framework: servlet | Class: org.apache.catalina.core.TestApplicationMapping$NamedIncludeServlet | Method: doGet | EntryType: servlet:doGet | Param[0]: req | Type: HttpServletRequest | ValueSpace: Unlimited"
"doGet","Framework: servlet | Class: org.apache.catalina.core.TestApplicationMapping$NamedIncludeServlet | Method: doGet | EntryType: servlet:doGet | Param[1]: resp | Type: HttpServletResponse | ValueSpace: Unlimited"
"doGet","Framework: servlet | Class: org.apache.catalina.core.TestAsyncContextImpl$AsyncDispatchUrlWithSpacesServlet | Method: doGet | EntryType: servlet:doGet | Param[0]: req | Type: HttpServletRequest | ValueSpace: Unlimited"
"doGet","Framework: servlet | Class: org.apache.catalina.core.TestAsyncContextImpl$AsyncDispatchUrlWithSpacesServlet | Method: doGet | EntryType: servlet:doGet | Param[1]: resp | Type: HttpServletResponse | ValueSpace: Unlimited"
"doGet","Framework: servlet | Class: org.apache.catalina.core.TestAsyncContextImpl$AsyncErrorPage | Method: doGet | EntryType: servlet:doGet | Param[0]: req | Type: HttpServletRequest | ValueSpace: Unlimited"
"doGet","Framework: servlet | Class: org.apache.catalina.core.TestAsyncContextImpl$AsyncErrorPage | Method: doGet | EntryType: servlet:doGet | Param[1]: resp | Type: HttpServletResponse | ValueSpace: Unlimited"
"doGet","Framework: servlet | Class: org.apache.catalina.core.TestAsyncContextImpl$AsyncISEServlet | Method: doGet | EntryType: servlet:doGet | Param[0]: req | Type: HttpServletRequest | ValueSpace: Unlimited"
"doGet","Framework: servlet | Class: org.apache.catalina.core.TestAsyncContextImpl$AsyncISEServlet | Method: doGet | EntryType: servlet:doGet | Param[1]: resp | Type: HttpServletResponse | ValueSpace: Unlimited"
"doGet","Framework: servlet | Class: org.apache.catalina.core.TestAsyncContextImpl$AsyncErrorServlet | Method: doGet | EntryType: servlet:doGet | Param[0]: req | Type: HttpServletRequest | ValueSpace: Unlimited"
"doGet","Framework: servlet | Class: org.apache.catalina.core.TestAsyncContextImpl$AsyncErrorServlet | Method: doGet | EntryType: servlet:doGet | Param[1]: resp | Type: HttpServletResponse | ValueSpace: Unlimited"
"doGet","Framework: servlet | Class: org.apache.catalina.core.TestAsyncContextImpl$AsyncRetrieveServlet | Method: doGet | EntryType: servlet:doGet | Param[0]: req | Type: HttpServletRequest | ValueSpace: Unlimited"
"doGet","Framework: servlet | Class: org.apache.catalina.core.TestAsyncContextImpl$AsyncRetrieveServlet | Method: doGet | EntryType: servlet:doGet | Param[1]: resp | Type: HttpServletResponse | ValueSpace: Unlimited"
"doGet","Framework: servlet | Class: org.apache.catalina.core.TestAsyncContextImpl$AsyncIoEndServlet | Method: doGet | EntryType: servlet:doGet | Param[0]: req | Type: HttpServletRequest | ValueSpace: Unlimited"
"doGet","Framework: servlet | Class: org.apache.catalina.core.TestAsyncContextImpl$AsyncIoEndServlet | Method: doGet | EntryType: servlet:doGet | Param[1]: resp | Type: HttpServletResponse | ValueSpace: Unlimited"
"doGet","Framework: servlet | Class: org.apache.catalina.core.TestAsyncContextImpl$AsyncRequestUriServlet | Method: doGet | EntryType: servlet:doGet | Param[0]: req | Type: HttpServletRequest | ValueSpace: Unlimited"
"doGet","Framework: servlet | Class: org.apache.catalina.core.TestAsyncContextImpl$AsyncRequestUriServlet | Method: doGet | EntryType: servlet:doGet | Param[1]: resp | Type: HttpServletResponse | ValueSpace: Unlimited"
"doGet","Framework: servlet | Class: org.apache.catalina.core.TestAsyncContextImpl$AsyncStartWithCompleteServlet | Method: doGet | EntryType: servlet:doGet | Param[0]: req | Type: HttpServletRequest | ValueSpace: Unlimited"
"doGet","Framework: servlet | Class: org.apache.catalina.core.TestAsyncContextImpl$AsyncStartWithCompleteServlet | Method: doGet | EntryType: servlet:doGet | Param[1]: resp | Type: HttpServletResponse | ValueSpace: Unlimited"
"doGet","Framework: servlet | Class: org.apache.catalina.core.TestAsyncContextImpl$Bug49528Servlet | Method: doGet | EntryType: servlet:doGet | Param[0]: req | Type: HttpServletRequest | ValueSpace: Unlimited"
"doGet","Framework: servlet | Class: org.apache.catalina.core.TestAsyncContextImpl$Bug49528Servlet | Method: doGet | EntryType: servlet:doGet | Param[1]: resp | Type: HttpServletResponse | ValueSpace: Unlimited"
"doGet","Framework: servlet | Class: org.apache.catalina.core.TestAsyncContextImpl$AsyncStartRunnable | Method: doGet | EntryType: servlet:doGet | Param[0]: request | Type: HttpServletRequest | ValueSpace: Unlimited"
"doGet","Framework: servlet | Class: org.apache.catalina.core.TestAsyncContextImpl$AsyncStartRunnable | Method: doGet | EntryType: servlet:doGet | Param[1]: response | Type: HttpServletResponse | ValueSpace: Unlimited"
"doGet","Framework: servlet | Class: org.apache.catalina.core.TestAsyncContextImpl$AsyncStartNoCompleteServlet | Method: doGet | EntryType: servlet:doGet | Param[0]: req | Type: HttpServletRequest | ValueSpace: Unlimited"
"doGet","Framework: servlet | Class: org.apache.catalina.core.TestAsyncContextImpl$AsyncStartNoCompleteServlet | Method: doGet | EntryType: servlet:doGet | Param[1]: resp | Type: HttpServletResponse | ValueSpace: Unlimited"
"doGet","Framework: servlet | Class: org.apache.catalina.core.TestAsyncContextImpl$AsyncStashServlet | Method: doGet | EntryType: servlet:doGet | Param[0]: req | Type: HttpServletRequest | ValueSpace: Unlimited"
"doGet","Framework: servlet | Class: org.apache.catalina.core.TestAsyncContextImpl$AsyncStashServlet | Method: doGet | EntryType: servlet:doGet | Param[1]: resp | Type: HttpServletResponse | ValueSpace: Unlimited"
"doGet","Framework: servlet | Class: org.apache.catalina.core.TestAsyncContextImpl$Bug53337ServletA | Method: doGet | EntryType: servlet:doGet | Param[0]: req | Type: HttpServletRequest | ValueSpace: Unlimited"
"doGet","Framework: servlet | Class: org.apache.catalina.core.TestAsyncContextImpl$Bug53337ServletA | Method: doGet | EntryType: servlet:doGet | Param[1]: resp | Type: HttpServletResponse | ValueSpace: Unlimited"
"doGet","Framework: servlet | Class: org.apache.catalina.core.TestAsyncContextImpl$AsyncStatusServlet | Method: doGet | EntryType: servlet:doGet | Param[0]: req | Type: HttpServletRequest | ValueSpace: Unlimited"
"doGet","Framework: servlet | Class: org.apache.catalina.core.TestAsyncContextImpl$AsyncStatusServlet | Method: doGet | EntryType: servlet:doGet | Param[1]: resp | Type: HttpServletResponse | ValueSpace: Unlimited"
"doGet","Framework: servlet | Class: org.apache.catalina.core.TestAsyncContextImpl$Bug53337ServletB | Method: doGet | EntryType: servlet:doGet | Param[0]: req | Type: HttpServletRequest | ValueSpace: Unlimited"
"doGet","Framework: servlet | Class: org.apache.catalina.core.TestAsyncContextImpl$Bug53337ServletB | Method: doGet | EntryType: servlet:doGet | Param[1]: resp | Type: HttpServletResponse | ValueSpace: Unlimited"
"doGet","Framework: servlet | Class: org.apache.catalina.core.TestAsyncContextImpl$Bug49567Servlet | Method: doGet | EntryType: servlet:doGet | Param[0]: req | Type: HttpServletRequest | ValueSpace: Unlimited"
"doGet","Framework: servlet | Class: org.apache.catalina.core.TestAsyncContextImpl$Bug49567Servlet | Method: doGet | EntryType: servlet:doGet | Param[1]: resp | Type: HttpServletResponse | ValueSpace: Unlimited"
"doGet","Framework: servlet | Class: org.apache.catalina.core.TestAsyncContextImpl$Bug53843ServletB | Method: doGet | EntryType: servlet:doGet | Param[0]: req | Type: HttpServletRequest | ValueSpace: Unlimited"
"doGet","Framework: servlet | Class: org.apache.catalina.core.TestAsyncContextImpl$Bug53843ServletB | Method: doGet | EntryType: servlet:doGet | Param[1]: resp | Type: HttpServletResponse | ValueSpace: Unlimited"
"doGet","Framework: servlet | Class: org.apache.catalina.core.TestAsyncContextImpl$Bug53843ServletA | Method: doGet | EntryType: servlet:doGet | Param[0]: req | Type: HttpServletRequest | ValueSpace: Unlimited"
"doGet","Framework: servlet | Class: org.apache.catalina.core.TestAsyncContextImpl$Bug53843ServletA | Method: doGet | EntryType: servlet:doGet | Param[1]: resp | Type: HttpServletResponse | ValueSpace: Unlimited"
"doGet","Framework: servlet | Class: org.apache.catalina.core.TestAsyncContextImpl$Bug54178ServletB | Method: doGet | EntryType: servlet:doGet | Param[0]: req | Type: HttpServletRequest | ValueSpace: Unlimited"
"doGet","Framework: servlet | Class: org.apache.catalina.core.TestAsyncContextImpl$Bug54178ServletB | Method: doGet | EntryType: servlet:doGet | Param[1]: resp | Type: HttpServletResponse | ValueSpace: Unlimited"
"doGet","Framework: servlet | Class: org.apache.catalina.core.TestAsyncContextImpl$Bug50753Servlet | Method: doGet | EntryType: servlet:doGet | Param[0]: req | Type: HttpServletRequest | ValueSpace: Unlimited"
"doGet","Framework: servlet | Class: org.apache.catalina.core.TestAsyncContextImpl$Bug50753Servlet | Method: doGet | EntryType: servlet:doGet | Param[1]: resp | Type: HttpServletResponse | ValueSpace: Unlimited"
"doGet","Framework: servlet | Class: org.apache.catalina.core.TestAsyncContextImpl$Bug53337ServletC | Method: doGet | EntryType: servlet:doGet | Param[0]: req | Type: HttpServletRequest | ValueSpace: Unlimited"
"doGet","Framework: servlet | Class: org.apache.catalina.core.TestAsyncContextImpl$Bug53337ServletC | Method: doGet | EntryType: servlet:doGet | Param[1]: resp | Type: HttpServletResponse | ValueSpace: Unlimited"
"doGet","Framework: servlet | Class: org.apache.catalina.core.TestAsyncContextImpl$Bug58751AsyncServlet | Method: doGet | EntryType: servlet:doGet | Param[0]: req | Type: HttpServletRequest | ValueSpace: Unlimited"
"doGet","Framework: servlet | Class: org.apache.catalina.core.TestAsyncContextImpl$Bug58751AsyncServlet | Method: doGet | EntryType: servlet:doGet | Param[1]: resp | Type: HttpServletResponse | ValueSpace: Unlimited"
"doGet","Framework: servlet | Class: org.apache.catalina.core.TestAsyncContextImpl$Bug54178ServletA | Method: doGet | EntryType: servlet:doGet | Param[0]: req | Type: HttpServletRequest | ValueSpace: Unlimited"
"doGet","Framework: servlet | Class: org.apache.catalina.core.TestAsyncContextImpl$Bug54178ServletA | Method: doGet | EntryType: servlet:doGet | Param[1]: resp | Type: HttpServletResponse | ValueSpace: Unlimited"
"doGet","Framework: servlet | Class: org.apache.catalina.core.TestAsyncContextImpl$DispatchingServletTracking | Method: doGet | EntryType: servlet:doGet | Param[0]: req | Type: HttpServletRequest | ValueSpace: Unlimited"
"doGet","Framework: servlet | Class: org.apache.catalina.core.TestAsyncContextImpl$DispatchingServletTracking | Method: doGet | EntryType: servlet:doGet | Param[1]: resp | Type: HttpServletResponse | ValueSpace: Unlimited"
"doGet","Framework: servlet | Class: org.apache.catalina.core.TestAsyncContextImpl$EncodedDispatchServlet | Method: doGet | EntryType: servlet:doGet | Param[0]: req | Type: HttpServletRequest | ValueSpace: Unlimited"
"doGet","Framework: servlet | Class: org.apache.catalina.core.TestAsyncContextImpl$EncodedDispatchServlet | Method: doGet | EntryType: servlet:doGet | Param[1]: resp | Type: HttpServletResponse | ValueSpace: Unlimited"
"doGet","Framework: servlet | Class: org.apache.catalina.core.TestAsyncContextImpl$Bug59219Servlet | Method: doGet | EntryType: servlet:doGet | Param[0]: req | Type: HttpServletRequest | ValueSpace: Unlimited"
"doGet","Framework: servlet | Class: org.apache.catalina.core.TestAsyncContextImpl$Bug59219Servlet | Method: doGet | EntryType: servlet:doGet | Param[1]: resp | Type: HttpServletResponse | ValueSpace: Unlimited"
"doGet","Framework: servlet | Class: org.apache.catalina.core.TestAsyncContextImpl$Bug63816Servlet | Method: doGet | EntryType: servlet:doGet | Param[0]: req | Type: HttpServletRequest | ValueSpace: Unlimited"
"doGet","Framework: servlet | Class: org.apache.catalina.core.TestAsyncContextImpl$Bug63816Servlet | Method: doGet | EntryType: servlet:doGet | Param[1]: resp | Type: HttpServletResponse | ValueSpace: Unlimited"
"doGet","Framework: servlet | Class: org.apache.catalina.core.TestAsyncContextImpl$ForwardDispatchUrlWithSpacesServlet | Method: doGet | EntryType: servlet:doGet | Param[0]: req | Type: HttpServletRequest | ValueSpace: Unlimited"
"doGet","Framework: servlet | Class: org.apache.catalina.core.TestAsyncContextImpl$ForwardDispatchUrlWithSpacesServlet | Method: doGet | EntryType: servlet:doGet | Param[1]: resp | Type: HttpServletResponse | ValueSpace: Unlimited"
"doGet","Framework: servlet | Class: org.apache.catalina.core.TestAsyncContextImpl$NonAsyncServlet | Method: doGet | EntryType: servlet:doGet | Param[0]: req | Type: HttpServletRequest | ValueSpace: Unlimited"
"doGet","Framework: servlet | Class: org.apache.catalina.core.TestAsyncContextImpl$NonAsyncServlet | Method: doGet | EntryType: servlet:doGet | Param[1]: resp | Type: HttpServletResponse | ValueSpace: Unlimited"
"doGet","Framework: servlet | Class: org.apache.catalina.core.TestAsyncContextImpl$ErrorServlet | Method: doGet | EntryType: servlet:doGet | Param[0]: req | Type: HttpServletRequest | ValueSpace: Unlimited"
"doGet","Framework: servlet | Class: org.apache.catalina.core.TestAsyncContextImpl$ErrorServlet | Method: doGet | EntryType: servlet:doGet | Param[1]: resp | Type: HttpServletResponse | ValueSpace: Unlimited"
"doGet","Framework: servlet | Class: org.apache.catalina.core.TestAsyncContextImpl$DispatchingServlet | Method: doGet | EntryType: servlet:doGet | Param[0]: req | Type: HttpServletRequest | ValueSpace: Unlimited"
"doGet","Framework: servlet | Class: org.apache.catalina.core.TestAsyncContextImpl$DispatchingServlet | Method: doGet | EntryType: servlet:doGet | Param[1]: resp | Type: HttpServletResponse | ValueSpace: Unlimited"
"doGet","Framework: servlet | Class: org.apache.catalina.core.TestAsyncContextImpl$TrackingServlet | Method: doGet | EntryType: servlet:doGet | Param[0]: req | Type: HttpServletRequest | ValueSpace: Unlimited"
"doGet","Framework: servlet | Class: org.apache.catalina.core.TestAsyncContextImpl$TrackingServlet | Method: doGet | EntryType: servlet:doGet | Param[1]: resp | Type: HttpServletResponse | ValueSpace: Unlimited"
"doPost","Framework: servlet | Class: org.apache.catalina.core.TestAsyncContextImpl$PostServlet | Method: doPost | EntryType: servlet:doPost | Param[0]: req | Type: HttpServletRequest | ValueSpace: Unlimited"
"doPost","Framework: servlet | Class: org.apache.catalina.core.TestAsyncContextImpl$PostServlet | Method: doPost | EntryType: servlet:doPost | Param[1]: resp | Type: HttpServletResponse | ValueSpace: Unlimited"
"doGet","Framework: servlet | Class: org.apache.catalina.core.TestAsyncContextImplDispatch$TesterServlet | Method: doGet | EntryType: servlet:doGet | Param[0]: req | Type: HttpServletRequest | ValueSpace: Unlimited"
"doGet","Framework: servlet | Class: org.apache.catalina.core.TestAsyncContextImplDispatch$TesterServlet | Method: doGet | EntryType: servlet:doGet | Param[1]: resp | Type: HttpServletResponse | ValueSpace: Unlimited"
"doGet","Framework: servlet | Class: org.apache.catalina.core.TestAsyncContextImpl$TimeoutServlet | Method: doGet | EntryType: servlet:doGet | Param[0]: req | Type: HttpServletRequest | ValueSpace: Unlimited"
"doGet","Framework: servlet | Class: org.apache.catalina.core.TestAsyncContextImpl$TimeoutServlet | Method: doGet | EntryType: servlet:doGet | Param[1]: resp | Type: HttpServletResponse | ValueSpace: Unlimited"
"doGet","Framework: servlet | Class: org.apache.catalina.core.TestAsyncContextImplDispatch$TesterDispatchServlet | Method: doGet | EntryType: servlet:doGet | Param[0]: req | Type: HttpServletRequest | ValueSpace: Unlimited"
"doGet","Framework: servlet | Class: org.apache.catalina.core.TestAsyncContextImplDispatch$TesterDispatchServlet | Method: doGet | EntryType: servlet:doGet | Param[1]: resp | Type: HttpServletResponse | ValueSpace: Unlimited"
"doGet","Framework: servlet | Class: org.apache.catalina.core.TestAsyncContextImpl$SimpleServlet | Method: doGet | EntryType: servlet:doGet | Param[0]: req | Type: HttpServletRequest | ValueSpace: Unlimited"
"doGet","Framework: servlet | Class: org.apache.catalina.core.TestAsyncContextImpl$SimpleServlet | Method: doGet | EntryType: servlet:doGet | Param[1]: resp | Type: HttpServletResponse | ValueSpace: Unlimited"
"doGet","Framework: servlet | Class: org.apache.catalina.core.TestAsyncContextIoError$AsyncServlet | Method: doGet | EntryType: servlet:doGet | Param[0]: request | Type: HttpServletRequest | ValueSpace: Unlimited"
"doGet","Framework: servlet | Class: org.apache.catalina.core.TestAsyncContextIoError$AsyncServlet | Method: doGet | EntryType: servlet:doGet | Param[1]: response | Type: HttpServletResponse | ValueSpace: Unlimited"
"doGet","Framework: servlet | Class: org.apache.catalina.core.TestAsyncContextIoError$ErrorServlet | Method: doGet | EntryType: servlet:doGet | Param[0]: request | Type: HttpServletRequest | ValueSpace: Unlimited"
"doGet","Framework: servlet | Class: org.apache.catalina.core.TestAsyncContextIoError$ErrorServlet | Method: doGet | EntryType: servlet:doGet | Param[1]: response | Type: HttpServletResponse | ValueSpace: Unlimited"
"doGet","Framework: servlet | Class: org.apache.catalina.core.TestAsyncContextImplListenerOnComplete$ReproServlet | Method: doGet | EntryType: servlet:doGet | Param[0]: req | Type: HttpServletRequest | ValueSpace: Unlimited"
"doGet","Framework: servlet | Class: org.apache.catalina.core.TestAsyncContextImplListenerOnComplete$ReproServlet | Method: doGet | EntryType: servlet:doGet | Param[1]: resp | Type: HttpServletResponse | ValueSpace: Unlimited"
"doGet","Framework: servlet | Class: org.apache.catalina.core.TestAsyncContextStateChanges$AsyncServlet | Method: doGet | EntryType: servlet:doGet | Param[0]: req | Type: HttpServletRequest | ValueSpace: Unlimited"
"doGet","Framework: servlet | Class: org.apache.catalina.core.TestAsyncContextStateChanges$AsyncServlet | Method: doGet | EntryType: servlet:doGet | Param[1]: resp | Type: HttpServletResponse | ValueSpace: Unlimited"
"service","Framework: servlet | Class: org.apache.catalina.core.TestStandardContext$Bug49711Servlet | Method: service | EntryType: servlet:service | Param[0]: req | Type: HttpServletRequest | ValueSpace: Unlimited"
"service","Framework: servlet | Class: org.apache.catalina.core.TestStandardContext$Bug49711Servlet | Method: service | EntryType: servlet:service | Param[1]: resp | Type: HttpServletResponse | ValueSpace: Unlimited"
"doGet","Framework: servlet | Class: org.apache.catalina.core.TestStandardContext$Bug49922ForwardServlet | Method: doGet | EntryType: servlet:doGet | Param[0]: req | Type: HttpServletRequest | ValueSpace: Unlimited"
"doGet","Framework: servlet | Class: org.apache.catalina.core.TestStandardContext$Bug49922ForwardServlet | Method: doGet | EntryType: servlet:doGet | Param[1]: resp | Type: HttpServletResponse | ValueSpace: Unlimited"
"doGet","Framework: servlet | Class: org.apache.catalina.core.TestStandardContext$Bug49922Servlet | Method: doGet | EntryType: servlet:doGet | Param[0]: req | Type: HttpServletRequest | ValueSpace: Unlimited"
"doGet","Framework: servlet | Class: org.apache.catalina.core.TestStandardContext$Bug49922Servlet | Method: doGet | EntryType: servlet:doGet | Param[1]: resp | Type: HttpServletResponse | ValueSpace: Unlimited"
"doGet","Framework: servlet | Class: org.apache.catalina.core.TestStandardContext$Bug49922TargetServlet | Method: doGet | EntryType: servlet:doGet | Param[0]: req | Type: HttpServletRequest | ValueSpace: Unlimited"
"doGet","Framework: servlet | Class: org.apache.catalina.core.TestStandardContext$Bug49922TargetServlet | Method: doGet | EntryType: servlet:doGet | Param[1]: resp | Type: HttpServletResponse | ValueSpace: Unlimited"
"doGet","Framework: servlet | Class: org.apache.catalina.core.TestStandardContext$Bug49922IncludeServlet | Method: doGet | EntryType: servlet:doGet | Param[0]: req | Type: HttpServletRequest | ValueSpace: Unlimited"
"doGet","Framework: servlet | Class: org.apache.catalina.core.TestStandardContext$Bug49922IncludeServlet | Method: doGet | EntryType: servlet:doGet | Param[1]: resp | Type: HttpServletResponse | ValueSpace: Unlimited"
"doGet","Framework: servlet | Class: org.apache.catalina.core.TestStandardContext$Bug51376Servlet | Method: doGet | EntryType: servlet:doGet | Param[0]: req | Type: HttpServletRequest | ValueSpace: Unlimited"
"doGet","Framework: servlet | Class: org.apache.catalina.core.TestStandardContext$Bug51376Servlet | Method: doGet | EntryType: servlet:doGet | Param[1]: resp | Type: HttpServletResponse | ValueSpace: Unlimited"
"doGet","Framework: servlet | Class: org.apache.catalina.core.TestStandardContextAliases$TestServlet | Method: doGet | EntryType: servlet:doGet | Param[0]: req | Type: HttpServletRequest | ValueSpace: Unlimited"
"doGet","Framework: servlet | Class: org.apache.catalina.core.TestStandardContextAliases$TestServlet | Method: doGet | EntryType: servlet:doGet | Param[1]: resp | Type: HttpServletResponse | ValueSpace: Unlimited"
"doGet","Framework: servlet | Class: org.apache.catalina.core.TestStandardContextResources$GetResourceServlet | Method: doGet | EntryType: servlet:doGet | Param[0]: req | Type: HttpServletRequest | ValueSpace: Unlimited"
"doGet","Framework: servlet | Class: org.apache.catalina.core.TestStandardContextResources$GetResourceServlet | Method: doGet | EntryType: servlet:doGet | Param[1]: resp | Type: HttpServletResponse | ValueSpace: Unlimited"
"doGet","Framework: servlet | Class: org.apache.catalina.core.TestStandardContextValve$Bug51653ErrorTrigger | Method: doGet | EntryType: servlet:doGet | Param[0]: req | Type: HttpServletRequest | ValueSpace: Unlimited"
"doGet","Framework: servlet | Class: org.apache.catalina.core.TestStandardContextValve$Bug51653ErrorTrigger | Method: doGet | EntryType: servlet:doGet | Param[1]: resp | Type: HttpServletResponse | ValueSpace: Unlimited"
"doGet","Framework: servlet | Class: org.apache.catalina.core.TestStandardContext$Foo | Method: doGet | EntryType: servlet:doGet | Param[0]: req | Type: HttpServletRequest | ValueSpace: Unlimited"
"doGet","Framework: servlet | Class: org.apache.catalina.core.TestStandardContext$Foo | Method: doGet | EntryType: servlet:doGet | Param[1]: resp | Type: HttpServletResponse | ValueSpace: Unlimited"
"doGet","Framework: servlet | Class: org.apache.catalina.core.TestStandardContextValve$Bug51653ErrorPage | Method: doGet | EntryType: servlet:doGet | Param[0]: req | Type: HttpServletRequest | ValueSpace: Unlimited"
"doGet","Framework: servlet | Class: org.apache.catalina.core.TestStandardContextValve$Bug51653ErrorPage | Method: doGet | EntryType: servlet:doGet | Param[1]: resp | Type: HttpServletResponse | ValueSpace: Unlimited"
"doGet","Framework: servlet | Class: org.apache.catalina.core.TestStandardHostValve$ExceptionServlet | Method: doGet | EntryType: servlet:doGet | Param[0]: req | Type: HttpServletRequest | ValueSpace: Unlimited"
"doGet","Framework: servlet | Class: org.apache.catalina.core.TestStandardHostValve$ExceptionServlet | Method: doGet | EntryType: servlet:doGet | Param[1]: resp | Type: HttpServletResponse | ValueSpace: Unlimited"
"doGet","Framework: servlet | Class: org.apache.catalina.core.TestStandardHostValve$ErrorServlet | Method: doGet | EntryType: servlet:doGet | Param[0]: req | Type: HttpServletRequest | ValueSpace: Unlimited"
"doGet","Framework: servlet | Class: org.apache.catalina.core.TestStandardHostValve$ErrorServlet | Method: doGet | EntryType: servlet:doGet | Param[1]: resp | Type: HttpServletResponse | ValueSpace: Unlimited"
"doGet","Framework: servlet | Class: org.apache.catalina.core.TestStandardHostValve$ReportServlet | Method: doGet | EntryType: servlet:doGet | Param[0]: req | Type: HttpServletRequest | ValueSpace: Unlimited"
"doGet","Framework: servlet | Class: org.apache.catalina.core.TestStandardHostValve$ReportServlet | Method: doGet | EntryType: servlet:doGet | Param[1]: resp | Type: HttpServletResponse | ValueSpace: Unlimited"
"doGet","Framework: servlet | Class: org.apache.catalina.core.TestStandardWrapper$Bug51445Servlet | Method: doGet | EntryType: servlet:doGet | Param[0]: req | Type: HttpServletRequest | ValueSpace: Unlimited"
"doGet","Framework: servlet | Class: org.apache.catalina.core.TestStandardWrapper$Bug51445Servlet | Method: doGet | EntryType: servlet:doGet | Param[1]: resp | Type: HttpServletResponse | ValueSpace: Unlimited"
"doPost","Framework: servlet | Class: org.apache.catalina.core.TestStandardWrapper$TestServlet | Method: doPost | EntryType: servlet:doPost | Param[0]: req | Type: HttpServletRequest | ValueSpace: Unlimited"
"doPost","Framework: servlet | Class: org.apache.catalina.core.TestStandardWrapper$TestServlet | Method: doPost | EntryType: servlet:doPost | Param[1]: resp | Type: HttpServletResponse | ValueSpace: Unlimited"
"doPost","Framework: servlet | Class: org.apache.catalina.core.TestSwallowAbortedUploads$AbortedPOSTServlet | Method: doPost | EntryType: servlet:doPost | Param[0]: req | Type: HttpServletRequest | ValueSpace: Unlimited"
"doPost","Framework: servlet | Class: org.apache.catalina.core.TestSwallowAbortedUploads$AbortedPOSTServlet | Method: doPost | EntryType: servlet:doPost | Param[1]: resp | Type: HttpServletResponse | ValueSpace: Unlimited"
"doPost","Framework: servlet | Class: org.apache.catalina.core.TestSwallowAbortedUploads$AbortedUploadServlet | Method: doPost | EntryType: servlet:doPost | Param[0]: req | Type: HttpServletRequest | ValueSpace: Unlimited"
"doPost","Framework: servlet | Class: org.apache.catalina.core.TestSwallowAbortedUploads$AbortedUploadServlet | Method: doPost | EntryType: servlet:doPost | Param[1]: resp | Type: HttpServletResponse | ValueSpace: Unlimited"
"doGet","Framework: servlet | Class: org.apache.catalina.core.TestStandardWrapper$TestServlet | Method: doGet | EntryType: servlet:doGet | Param[0]: req | Type: HttpServletRequest | ValueSpace: Unlimited"
"doGet","Framework: servlet | Class: org.apache.catalina.core.TestStandardWrapper$TestServlet | Method: doGet | EntryType: servlet:doGet | Param[1]: resp | Type: HttpServletResponse | ValueSpace: Unlimited"
"doGet","Framework: servlet | Class: org.apache.catalina.filters.TestAddCharSetFilter$CharsetServlet | Method: doGet | EntryType: servlet:doGet | Param[0]: req | Type: HttpServletRequest | ValueSpace: Unlimited"
"doGet","Framework: servlet | Class: org.apache.catalina.filters.TestAddCharSetFilter$CharsetServlet | Method: doGet | EntryType: servlet:doGet | Param[1]: resp | Type: HttpServletResponse | ValueSpace: Unlimited"
"doGet","Framework: servlet | Class: org.apache.catalina.filters.TestRemoteIpFilter$Bug66471Servlet | Method: doGet | EntryType: servlet:doGet | Param[0]: req | Type: HttpServletRequest | ValueSpace: Unlimited"
"doGet","Framework: servlet | Class: org.apache.catalina.filters.TestRemoteIpFilter$Bug66471Servlet | Method: doGet | EntryType: servlet:doGet | Param[1]: resp | Type: HttpServletResponse | ValueSpace: Unlimited"
"service","Framework: servlet | Class: org.apache.catalina.filters.TestRemoteIpFilter$MockHttpServlet | Method: service | EntryType: servlet:service | Param[0]: request | Type: HttpServletRequest | ValueSpace: Unlimited"
"service","Framework: servlet | Class: org.apache.catalina.filters.TestRemoteIpFilter$MockHttpServlet | Method: service | EntryType: servlet:service | Param[1]: response | Type: HttpServletResponse | ValueSpace: Unlimited"
"doPost","Framework: servlet | Class: org.apache.catalina.filters.TestRestCsrfPreventionFilter2$TesterServlet | Method: doPost | EntryType: servlet:doPost | Param[0]: req | Type: HttpServletRequest | ValueSpace: Unlimited"
"doPost","Framework: servlet | Class: org.apache.catalina.filters.TestRestCsrfPreventionFilter2$TesterServlet | Method: doPost | EntryType: servlet:doPost | Param[1]: resp | Type: HttpServletResponse | ValueSpace: Unlimited"
"doGet","Framework: servlet | Class: org.apache.catalina.filters.TestRestCsrfPreventionFilter2$TesterServlet | Method: doGet | EntryType: servlet:doGet | Param[0]: req | Type: HttpServletRequest | ValueSpace: Unlimited"
"doGet","Framework: servlet | Class: org.apache.catalina.filters.TestRestCsrfPreventionFilter2$TesterServlet | Method: doGet | EntryType: servlet:doGet | Param[1]: resp | Type: HttpServletResponse | ValueSpace: Unlimited"
"doGet","Framework: servlet | Class: org.apache.catalina.ha.context.TestReplicatedContext$AccessContextServlet | Method: doGet | EntryType: servlet:doGet | Param[0]: req | Type: HttpServletRequest | ValueSpace: Unlimited"
"doGet","Framework: servlet | Class: org.apache.catalina.ha.context.TestReplicatedContext$AccessContextServlet | Method: doGet | EntryType: servlet:doGet | Param[1]: resp | Type: HttpServletResponse | ValueSpace: Unlimited"
"doGet","Framework: servlet | Class: org.apache.catalina.loader.TestWebappClassLoaderExecutorMemoryLeak$ExecutorServlet | Method: doGet | EntryType: servlet:doGet | Param[0]: req | Type: HttpServletRequest | ValueSpace: Unlimited"
"doGet","Framework: servlet | Class: org.apache.catalina.loader.TestWebappClassLoaderExecutorMemoryLeak$ExecutorServlet | Method: doGet | EntryType: servlet:doGet | Param[1]: resp | Type: HttpServletResponse | ValueSpace: Unlimited"
"doGet","Framework: servlet | Class: org.apache.catalina.loader.TestWebappClassLoaderMemoryLeak$TaskServlet | Method: doGet | EntryType: servlet:doGet | Param[0]: req | Type: HttpServletRequest | ValueSpace: Unlimited"
"doGet","Framework: servlet | Class: org.apache.catalina.loader.TestWebappClassLoaderMemoryLeak$TaskServlet | Method: doGet | EntryType: servlet:doGet | Param[1]: resp | Type: HttpServletResponse | ValueSpace: Unlimited"
"doGet","Framework: servlet | Class: org.apache.catalina.loader.MyAnnotatedServlet | Method: doGet | EntryType: servlet:doGet | Param[0]: req | Type: HttpServletRequest | ValueSpace: Unlimited"
"doGet","Framework: servlet | Class: org.apache.catalina.loader.MyAnnotatedServlet | Method: doGet | EntryType: servlet:doGet | Param[1]: resp | Type: HttpServletResponse | ValueSpace: Unlimited"
"doGet","Framework: servlet | Class: org.apache.catalina.manager.JMXProxyServlet | Method: doGet | EntryType: servlet:doGet | Param[0]: request | Type: HttpServletRequest | ValueSpace: Unlimited"
"doGet","Framework: servlet | Class: org.apache.catalina.manager.JMXProxyServlet | Method: doGet | EntryType: servlet:doGet | Param[1]: response | Type: HttpServletResponse | ValueSpace: Unlimited"
"doGet","Framework: servlet | Class: org.apache.catalina.manager.StatusManagerServlet | Method: doGet | EntryType: servlet:doGet | Param[0]: request | Type: HttpServletRequest | ValueSpace: Unlimited"
"doGet","Framework: servlet | Class: org.apache.catalina.manager.StatusManagerServlet | Method: doGet | EntryType: servlet:doGet | Param[1]: response | Type: HttpServletResponse | ValueSpace: Unlimited"
"doPost","Framework: servlet | Class: org.apache.catalina.manager.HTMLManagerServlet | Method: doPost | EntryType: servlet:doPost | Param[0]: request | Type: HttpServletRequest | ValueSpace: Unlimited"
"doPost","Framework: servlet | Class: org.apache.catalina.manager.HTMLManagerServlet | Method: doPost | EntryType: servlet:doPost | Param[1]: response | Type: HttpServletResponse | ValueSpace: Unlimited"
"doGet","Framework: servlet | Class: org.apache.catalina.manager.HTMLManagerServlet | Method: doGet | EntryType: servlet:doGet | Param[0]: request | Type: HttpServletRequest | ValueSpace: Unlimited"
"doGet","Framework: servlet | Class: org.apache.catalina.manager.HTMLManagerServlet | Method: doGet | EntryType: servlet:doGet | Param[1]: response | Type: HttpServletResponse | ValueSpace: Unlimited"
"doPost","Framework: servlet | Class: org.apache.catalina.manager.host.HTMLHostManagerServlet | Method: doPost | EntryType: servlet:doPost | Param[0]: request | Type: HttpServletRequest | ValueSpace: Unlimited"
"doPost","Framework: servlet | Class: org.apache.catalina.manager.host.HTMLHostManagerServlet | Method: doPost | EntryType: servlet:doPost | Param[1]: response | Type: HttpServletResponse | ValueSpace: Unlimited"
"doGet","Framework: servlet | Class: org.apache.catalina.manager.host.HTMLHostManagerServlet | Method: doGet | EntryType: servlet:doGet | Param[0]: request | Type: HttpServletRequest | ValueSpace: Unlimited"
"doGet","Framework: servlet | Class: org.apache.catalina.manager.host.HTMLHostManagerServlet | Method: doGet | EntryType: servlet:doGet | Param[1]: response | Type: HttpServletResponse | ValueSpace: Unlimited"
"doGet","Framework: servlet | Class: org.apache.catalina.manager.host.HostManagerServlet | Method: doGet | EntryType: servlet:doGet | Param[0]: request | Type: HttpServletRequest | ValueSpace: Unlimited"
"doGet","Framework: servlet | Class: org.apache.catalina.manager.host.HostManagerServlet | Method: doGet | EntryType: servlet:doGet | Param[1]: response | Type: HttpServletResponse | ValueSpace: Unlimited"
"doGet","Framework: servlet | Class: org.apache.catalina.mapper.TestMapperWebapps$Bug53356Servlet | Method: doGet | EntryType: servlet:doGet | Param[0]: req | Type: HttpServletRequest | ValueSpace: Unlimited"
"doGet","Framework: servlet | Class: org.apache.catalina.mapper.TestMapperWebapps$Bug53356Servlet | Method: doGet | EntryType: servlet:doGet | Param[1]: resp | Type: HttpServletResponse | ValueSpace: Unlimited"
"doGet","Framework: servlet | Class: org.apache.catalina.nonblocking.TestNonBlockingAPI$NBWriteServlet02 | Method: doGet | EntryType: servlet:doGet | Param[0]: req | Type: HttpServletRequest | ValueSpace: Unlimited"
"doGet","Framework: servlet | Class: org.apache.catalina.nonblocking.TestNonBlockingAPI$NBWriteServlet02 | Method: doGet | EntryType: servlet:doGet | Param[1]: resp | Type: HttpServletResponse | ValueSpace: Unlimited"
"doGet","Framework: servlet | Class: org.apache.catalina.nonblocking.TestNonBlockingAPI$DelayedNBWriteServlet | Method: doGet | EntryType: servlet:doGet | Param[0]: request | Type: HttpServletRequest | ValueSpace: Unlimited"
"doGet","Framework: servlet | Class: org.apache.catalina.nonblocking.TestNonBlockingAPI$DelayedNBWriteServlet | Method: doGet | EntryType: servlet:doGet | Param[1]: response | Type: HttpServletResponse | ValueSpace: Unlimited"
"service","Framework: servlet | Class: org.apache.catalina.nonblocking.TestNonBlockingAPI$NBReadServlet | Method: service | EntryType: servlet:service | Param[0]: req | Type: HttpServletRequest | ValueSpace: Unlimited"
"service","Framework: servlet | Class: org.apache.catalina.nonblocking.TestNonBlockingAPI$NBReadServlet | Method: service | EntryType: servlet:service | Param[1]: resp | Type: HttpServletResponse | ValueSpace: Unlimited"
"doPost","Framework: servlet | Class: org.apache.catalina.nonblocking.TestNonBlockingAPI$DelayedNBReadWriteServlet | Method: doPost | EntryType: servlet:doPost | Param[0]: request | Type: HttpServletRequest | ValueSpace: Unlimited"
"doPost","Framework: servlet | Class: org.apache.catalina.nonblocking.TestNonBlockingAPI$DelayedNBReadWriteServlet | Method: doPost | EntryType: servlet:doPost | Param[1]: response | Type: HttpServletResponse | ValueSpace: Unlimited"
"doPost","Framework: servlet | Class: org.apache.catalina.nonblocking.TestNonBlockingAPI$PostServlet | Method: doPost | EntryType: servlet:doPost | Param[0]: req | Type: HttpServletRequest | ValueSpace: Unlimited"
"doPost","Framework: servlet | Class: org.apache.catalina.nonblocking.TestNonBlockingAPI$PostServlet | Method: doPost | EntryType: servlet:doPost | Param[1]: resp | Type: HttpServletResponse | ValueSpace: Unlimited"
"service","Framework: servlet | Class: org.apache.catalina.nonblocking.TestNonBlockingAPI$NBReadWriteServlet | Method: service | EntryType: servlet:service | Param[0]: req | Type: HttpServletRequest | ValueSpace: Unlimited"
"service","Framework: servlet | Class: org.apache.catalina.nonblocking.TestNonBlockingAPI$NBReadWriteServlet | Method: service | EntryType: servlet:service | Param[1]: resp | Type: HttpServletResponse | ValueSpace: Unlimited"
"service","Framework: servlet | Class: org.apache.catalina.nonblocking.TestNonBlockingAPI$NBWriteServlet | Method: service | EntryType: servlet:service | Param[0]: req | Type: HttpServletRequest | ValueSpace: Unlimited"
"service","Framework: servlet | Class: org.apache.catalina.nonblocking.TestNonBlockingAPI$NBWriteServlet | Method: service | EntryType: servlet:service | Param[1]: resp | Type: HttpServletResponse | ValueSpace: Unlimited"
"doPost","Framework: servlet | Class: org.apache.catalina.nonblocking.TestNonBlockingAPI$NBReadWithDispatchServlet | Method: doPost | EntryType: servlet:doPost | Param[0]: req | Type: HttpServletRequest | ValueSpace: Unlimited"
"doPost","Framework: servlet | Class: org.apache.catalina.nonblocking.TestNonBlockingAPI$NBReadWithDispatchServlet | Method: doPost | EntryType: servlet:doPost | Param[1]: resp | Type: HttpServletResponse | ValueSpace: Unlimited"
"doPut","Framework: servlet | Class: org.apache.catalina.manager.ManagerServlet | Method: doPut | EntryType: servlet:doPut | Param[0]: request | Type: HttpServletRequest | ValueSpace: Unlimited"
"doPut","Framework: servlet | Class: org.apache.catalina.manager.ManagerServlet | Method: doPut | EntryType: servlet:doPut | Param[1]: response | Type: HttpServletResponse | ValueSpace: Unlimited"
"doGet","Framework: servlet | Class: org.apache.catalina.manager.ManagerServlet | Method: doGet | EntryType: servlet:doGet | Param[0]: request | Type: HttpServletRequest | ValueSpace: Unlimited"
"doGet","Framework: servlet | Class: org.apache.catalina.manager.ManagerServlet | Method: doGet | EntryType: servlet:doGet | Param[1]: response | Type: HttpServletResponse | ValueSpace: Unlimited"
"doOptions","Framework: servlet | Class: org.apache.catalina.servlets.CGIServlet | Method: doOptions | EntryType: servlet:doOptions | Param[0]: req | Type: HttpServletRequest | ValueSpace: Unlimited"
"doOptions","Framework: servlet | Class: org.apache.catalina.servlets.CGIServlet | Method: doOptions | EntryType: servlet:doOptions | Param[1]: res | Type: HttpServletResponse | ValueSpace: Unlimited"
"doGet","Framework: servlet | Class: org.apache.catalina.servlets.CGIServlet | Method: doGet | EntryType: servlet:doGet | Param[0]: req | Type: HttpServletRequest | ValueSpace: Unlimited"
"doGet","Framework: servlet | Class: org.apache.catalina.servlets.CGIServlet | Method: doGet | EntryType: servlet:doGet | Param[1]: res | Type: HttpServletResponse | ValueSpace: Unlimited"
"service","Framework: servlet | Class: org.apache.catalina.servlets.CGIServlet | Method: service | EntryType: servlet:service | Param[0]: req | Type: HttpServletRequest | ValueSpace: Unlimited"
"service","Framework: servlet | Class: org.apache.catalina.servlets.CGIServlet | Method: service | EntryType: servlet:service | Param[1]: res | Type: HttpServletResponse | ValueSpace: Unlimited"
"doGet","Framework: servlet | Class: org.apache.catalina.servlets.DefaultServletEncodingBaseTest$EncodingServlet | Method: doGet | EntryType: servlet:doGet | Param[0]: req | Type: HttpServletRequest | ValueSpace: Unlimited"
"doGet","Framework: servlet | Class: org.apache.catalina.servlets.DefaultServletEncodingBaseTest$EncodingServlet | Method: doGet | EntryType: servlet:doGet | Param[1]: resp | Type: HttpServletResponse | ValueSpace: Unlimited"
"doPut","Framework: servlet | Class: org.apache.catalina.servlets.WebdavServlet | Method: doPut | EntryType: servlet:doPut | Param[0]: req | Type: HttpServletRequest | ValueSpace: Unlimited"
"doPut","Framework: servlet | Class: org.apache.catalina.servlets.WebdavServlet | Method: doPut | EntryType: servlet:doPut | Param[1]: resp | Type: HttpServletResponse | ValueSpace: Unlimited"
"doDelete","Framework: servlet | Class: org.apache.catalina.servlets.WebdavServlet | Method: doDelete | EntryType: servlet:doDelete | Param[0]: req | Type: HttpServletRequest | ValueSpace: Unlimited"
"doDelete","Framework: servlet | Class: org.apache.catalina.servlets.WebdavServlet | Method: doDelete | EntryType: servlet:doDelete | Param[1]: resp | Type: HttpServletResponse | ValueSpace: Unlimited"
"doDelete","Framework: servlet | Class: org.apache.catalina.servlets.DefaultServlet | Method: doDelete | EntryType: servlet:doDelete | Param[0]: req | Type: HttpServletRequest | ValueSpace: Unlimited"
"doDelete","Framework: servlet | Class: org.apache.catalina.servlets.DefaultServlet | Method: doDelete | EntryType: servlet:doDelete | Param[1]: resp | Type: HttpServletResponse | ValueSpace: Unlimited"
"doOptions","Framework: servlet | Class: org.apache.catalina.servlets.WebdavServlet | Method: doOptions | EntryType: servlet:doOptions | Param[0]: req | Type: HttpServletRequest | ValueSpace: Unlimited"
"doOptions","Framework: servlet | Class: org.apache.catalina.servlets.WebdavServlet | Method: doOptions | EntryType: servlet:doOptions | Param[1]: resp | Type: HttpServletResponse | ValueSpace: Unlimited"
"service","Framework: servlet | Class: org.apache.catalina.servlets.WebdavServlet | Method: service | EntryType: servlet:service | Param[0]: req | Type: HttpServletRequest | ValueSpace: Unlimited"
"service","Framework: servlet | Class: org.apache.catalina.servlets.WebdavServlet | Method: service | EntryType: servlet:service | Param[1]: resp | Type: HttpServletResponse | ValueSpace: Unlimited"
"doPut","Framework: servlet | Class: org.apache.catalina.servlets.DefaultServlet | Method: doPut | EntryType: servlet:doPut | Param[0]: req | Type: HttpServletRequest | ValueSpace: Unlimited"
"doPut","Framework: servlet | Class: org.apache.catalina.servlets.DefaultServlet | Method: doPut | EntryType: servlet:doPut | Param[1]: resp | Type: HttpServletResponse | ValueSpace: Unlimited"
"doPost","Framework: servlet | Class: org.apache.catalina.servlets.DefaultServlet | Method: doPost | EntryType: servlet:doPost | Param[0]: request | Type: HttpServletRequest | ValueSpace: Unlimited"
"doPost","Framework: servlet | Class: org.apache.catalina.servlets.DefaultServlet | Method: doPost | EntryType: servlet:doPost | Param[1]: response | Type: HttpServletResponse | ValueSpace: Unlimited"
"doOptions","Framework: servlet | Class: org.apache.catalina.servlets.DefaultServlet | Method: doOptions | EntryType: servlet:doOptions | Param[0]: req | Type: HttpServletRequest | ValueSpace: Unlimited"
"doOptions","Framework: servlet | Class: org.apache.catalina.servlets.DefaultServlet | Method: doOptions | EntryType: servlet:doOptions | Param[1]: resp | Type: HttpServletResponse | ValueSpace: Unlimited"
"doHead","Framework: servlet | Class: org.apache.catalina.servlets.DefaultServlet | Method: doHead | EntryType: servlet:doHead | Param[0]: request | Type: HttpServletRequest | ValueSpace: Unlimited"
"doHead","Framework: servlet | Class: org.apache.catalina.servlets.DefaultServlet | Method: doHead | EntryType: servlet:doHead | Param[1]: response | Type: HttpServletResponse | ValueSpace: Unlimited"
"doGet","Framework: servlet | Class: org.apache.catalina.servlets.DefaultServlet | Method: doGet | EntryType: servlet:doGet | Param[0]: request | Type: HttpServletRequest | ValueSpace: Unlimited"
"doGet","Framework: servlet | Class: org.apache.catalina.servlets.DefaultServlet | Method: doGet | EntryType: servlet:doGet | Param[1]: response | Type: HttpServletResponse | ValueSpace: Unlimited"
"service","Framework: servlet | Class: org.apache.catalina.servlets.DefaultServlet | Method: service | EntryType: servlet:service | Param[0]: req | Type: HttpServletRequest | ValueSpace: Unlimited"
"service","Framework: servlet | Class: org.apache.catalina.servlets.DefaultServlet | Method: service | EntryType: servlet:service | Param[1]: resp | Type: HttpServletResponse | ValueSpace: Unlimited"
"doGet","Framework: servlet | Class: org.apache.catalina.session.TestPersistentManagerIntegration$DummyServlet | Method: doGet | EntryType: servlet:doGet | Param[0]: req | Type: HttpServletRequest | ValueSpace: Unlimited"
"doGet","Framework: servlet | Class: org.apache.catalina.session.TestPersistentManagerIntegration$DummyServlet | Method: doGet | EntryType: servlet:doGet | Param[1]: resp | Type: HttpServletResponse | ValueSpace: Unlimited"
"doGet","Framework: servlet | Class: org.apache.catalina.session.TestStandardSessionIntegration$Bug56578Servlet | Method: doGet | EntryType: servlet:doGet | Param[0]: req | Type: HttpServletRequest | ValueSpace: Unlimited"
"doGet","Framework: servlet | Class: org.apache.catalina.session.TestStandardSessionIntegration$Bug56578Servlet | Method: doGet | EntryType: servlet:doGet | Param[1]: resp | Type: HttpServletResponse | ValueSpace: Unlimited"
"doPost","Framework: servlet | Class: org.apache.catalina.ssi.SSIServlet | Method: doPost | EntryType: servlet:doPost | Param[0]: req | Type: HttpServletRequest | ValueSpace: Unlimited"
"doPost","Framework: servlet | Class: org.apache.catalina.ssi.SSIServlet | Method: doPost | EntryType: servlet:doPost | Param[1]: res | Type: HttpServletResponse | ValueSpace: Unlimited"
"doGet","Framework: servlet | Class: org.apache.catalina.ssi.SSIServlet | Method: doGet | EntryType: servlet:doGet | Param[0]: req | Type: HttpServletRequest | ValueSpace: Unlimited"
"doGet","Framework: servlet | Class: org.apache.catalina.ssi.SSIServlet | Method: doGet | EntryType: servlet:doGet | Param[1]: res | Type: HttpServletResponse | ValueSpace: Unlimited"
"service","Framework: servlet | Class: org.apache.catalina.startup.EmbeddedTomcat$CounterServlet | Method: service | EntryType: servlet:service | Param[0]: req | Type: HttpServletRequest | ValueSpace: Unlimited"
"service","Framework: servlet | Class: org.apache.catalina.startup.EmbeddedTomcat$CounterServlet | Method: service | EntryType: servlet:service | Param[1]: resp | Type: HttpServletResponse | ValueSpace: Unlimited"
"doGet","Framework: servlet | Class: org.apache.catalina.startup.DuplicateMappingParamServlet | Method: doGet | EntryType: servlet:doGet | Param[0]: req | Type: HttpServletRequest | ValueSpace: Unlimited"
"doGet","Framework: servlet | Class: org.apache.catalina.startup.DuplicateMappingParamServlet | Method: doGet | EntryType: servlet:doGet | Param[1]: res | Type: HttpServletResponse | ValueSpace: Unlimited"
"doGet","Framework: servlet | Class: org.apache.catalina.startup.ParamServlet | Method: doGet | EntryType: servlet:doGet | Param[0]: req | Type: HttpServletRequest | ValueSpace: Unlimited"
"doGet","Framework: servlet | Class: org.apache.catalina.startup.ParamServlet | Method: doGet | EntryType: servlet:doGet | Param[1]: res | Type: HttpServletResponse | ValueSpace: Unlimited"
"doGet","Framework: servlet | Class: org.apache.catalina.startup.TestContextConfig$CustomDefaultServlet | Method: doGet | EntryType: servlet:doGet | Param[0]: req | Type: HttpServletRequest | ValueSpace: Unlimited"
"doGet","Framework: servlet | Class: org.apache.catalina.startup.TestContextConfig$CustomDefaultServlet | Method: doGet | EntryType: servlet:doGet | Param[1]: resp | Type: HttpServletResponse | ValueSpace: Unlimited"
"doGet","Framework: servlet | Class: org.apache.catalina.startup.NoMappingParamServlet | Method: doGet | EntryType: servlet:doGet | Param[0]: req | Type: HttpServletRequest | ValueSpace: Unlimited"
"doGet","Framework: servlet | Class: org.apache.catalina.startup.NoMappingParamServlet | Method: doGet | EntryType: servlet:doGet | Param[1]: res | Type: HttpServletResponse | ValueSpace: Unlimited"
"doGet","Framework: servlet | Class: org.apache.catalina.startup.TestTomcat$HelloWorldJndi | Method: doGet | EntryType: servlet:doGet | Param[0]: req | Type: HttpServletRequest | ValueSpace: Unlimited"
"doGet","Framework: servlet | Class: org.apache.catalina.startup.TestTomcat$HelloWorldJndi | Method: doGet | EntryType: servlet:doGet | Param[1]: res | Type: HttpServletResponse | ValueSpace: Unlimited"
"doGet","Framework: servlet | Class: org.apache.catalina.startup.TestTomcat$GetResource | Method: doGet | EntryType: servlet:doGet | Param[0]: req | Type: HttpServletRequest | ValueSpace: Unlimited"
"doGet","Framework: servlet | Class: org.apache.catalina.startup.TestTomcat$GetResource | Method: doGet | EntryType: servlet:doGet | Param[1]: res | Type: HttpServletResponse | ValueSpace: Unlimited"
"doGet","Framework: servlet | Class: org.apache.catalina.startup.TestTomcat$HelloWorldSession | Method: doGet | EntryType: servlet:doGet | Param[0]: req | Type: HttpServletRequest | ValueSpace: Unlimited"
"doGet","Framework: servlet | Class: org.apache.catalina.startup.TestTomcat$HelloWorldSession | Method: doGet | EntryType: servlet:doGet | Param[1]: res | Type: HttpServletResponse | ValueSpace: Unlimited"
"doGet","Framework: servlet | Class: org.apache.catalina.startup.TestTomcat$HelloWorld | Method: doGet | EntryType: servlet:doGet | Param[0]: req | Type: HttpServletRequest | ValueSpace: Unlimited"
"doGet","Framework: servlet | Class: org.apache.catalina.startup.TestTomcat$HelloWorld | Method: doGet | EntryType: servlet:doGet | Param[1]: res | Type: HttpServletResponse | ValueSpace: Unlimited"
"doGet","Framework: servlet | Class: org.apache.catalina.startup.TestTomcat$InitCount | Method: doGet | EntryType: servlet:doGet | Param[0]: req | Type: HttpServletRequest | ValueSpace: Unlimited"
"doGet","Framework: servlet | Class: org.apache.catalina.startup.TestTomcat$InitCount | Method: doGet | EntryType: servlet:doGet | Param[1]: resp | Type: HttpServletResponse | ValueSpace: Unlimited"
"doGet","Framework: servlet | Class: org.apache.catalina.startup.TesterServlet | Method: doGet | EntryType: servlet:doGet | Param[0]: req | Type: HttpServletRequest | ValueSpace: Unlimited"
"doGet","Framework: servlet | Class: org.apache.catalina.startup.TesterServlet | Method: doGet | EntryType: servlet:doGet | Param[1]: resp | Type: HttpServletResponse | ValueSpace: Unlimited"
"doGet","Framework: servlet | Class: org.apache.catalina.startup.TesterServletEncodeUrl | Method: doGet | EntryType: servlet:doGet | Param[0]: req | Type: HttpServletRequest | ValueSpace: Unlimited"
"doGet","Framework: servlet | Class: org.apache.catalina.startup.TesterServletEncodeUrl | Method: doGet | EntryType: servlet:doGet | Param[1]: resp | Type: HttpServletResponse | ValueSpace: Unlimited"
"doGet","Framework: servlet | Class: org.apache.catalina.startup.TestTomcatClassLoader$ClassLoaderReport | Method: doGet | EntryType: servlet:doGet | Param[0]: req | Type: HttpServletRequest | ValueSpace: Unlimited"
"doGet","Framework: servlet | Class: org.apache.catalina.startup.TestTomcatClassLoader$ClassLoaderReport | Method: doGet | EntryType: servlet:doGet | Param[1]: resp | Type: HttpServletResponse | ValueSpace: Unlimited"
"doGet","Framework: servlet | Class: org.apache.catalina.startup.TesterServletWithLifeCycleMethods | Method: doGet | EntryType: servlet:doGet | Param[0]: req | Type: HttpServletRequest | ValueSpace: Unlimited"
"doGet","Framework: servlet | Class: org.apache.catalina.startup.TesterServletWithLifeCycleMethods | Method: doGet | EntryType: servlet:doGet | Param[1]: resp | Type: HttpServletResponse | ValueSpace: Unlimited"
"doPost","Framework: servlet | Class: org.apache.catalina.startup.TomcatBaseTest$EchoBodyServlet | Method: doPost | EntryType: servlet:doPost | Param[0]: req | Type: HttpServletRequest | ValueSpace: Unlimited"
"doPost","Framework: servlet | Class: org.apache.catalina.startup.TomcatBaseTest$EchoBodyServlet | Method: doPost | EntryType: servlet:doPost | Param[1]: resp | Type: HttpServletResponse | ValueSpace: Unlimited"
"doGet","Framework: servlet | Class: org.apache.catalina.startup.TomcatBaseTest$EchoBodyServlet | Method: doGet | EntryType: servlet:doGet | Param[0]: req | Type: HttpServletRequest | ValueSpace: Unlimited"
"doGet","Framework: servlet | Class: org.apache.catalina.startup.TomcatBaseTest$EchoBodyServlet | Method: doGet | EntryType: servlet:doGet | Param[1]: resp | Type: HttpServletResponse | ValueSpace: Unlimited"
"doGet","Framework: servlet | Class: org.apache.catalina.startup.TomcatBaseTest$HelloWorldServlet | Method: doGet | EntryType: servlet:doGet | Param[0]: req | Type: HttpServletRequest | ValueSpace: Unlimited"
"doGet","Framework: servlet | Class: org.apache.catalina.startup.TomcatBaseTest$HelloWorldServlet | Method: doGet | EntryType: servlet:doGet | Param[1]: resp | Type: HttpServletResponse | ValueSpace: Unlimited"
"service","Framework: servlet | Class: org.apache.catalina.startup.TomcatBaseTest$SnoopServlet | Method: service | EntryType: servlet:service | Param[0]: request | Type: HttpServletRequest | ValueSpace: Unlimited"
"service","Framework: servlet | Class: org.apache.catalina.startup.TomcatBaseTest$SnoopServlet | Method: service | EntryType: servlet:service | Param[1]: response | Type: HttpServletResponse | ValueSpace: Unlimited"
"doGet","Framework: servlet | Class: org.apache.catalina.startup.TesterServletWithAnnotations | Method: doGet | EntryType: servlet:doGet | Param[0]: req | Type: HttpServletRequest | ValueSpace: Unlimited"
"doGet","Framework: servlet | Class: org.apache.catalina.startup.TesterServletWithAnnotations | Method: doGet | EntryType: servlet:doGet | Param[1]: resp | Type: HttpServletResponse | ValueSpace: Unlimited"
"doGet","Framework: servlet | Class: org.apache.catalina.valves.TestAccessLogValve$TesterServlet | Method: doGet | EntryType: servlet:doGet | Param[0]: req | Type: HttpServletRequest | ValueSpace: Unlimited"
"doGet","Framework: servlet | Class: org.apache.catalina.valves.TestAccessLogValve$TesterServlet | Method: doGet | EntryType: servlet:doGet | Param[1]: resp | Type: HttpServletResponse | ValueSpace: Unlimited"
"doGet","Framework: servlet | Class: org.apache.catalina.valves.TestErrorReportValve$Bug56042Servlet | Method: doGet | EntryType: servlet:doGet | Param[0]: req | Type: HttpServletRequest | ValueSpace: Unlimited"
"doGet","Framework: servlet | Class: org.apache.catalina.valves.TestErrorReportValve$Bug56042Servlet | Method: doGet | EntryType: servlet:doGet | Param[1]: resp | Type: HttpServletResponse | ValueSpace: Unlimited"
"doGet","Framework: servlet | Class: org.apache.catalina.valves.TestErrorReportValve$Bug54220Servlet | Method: doGet | EntryType: servlet:doGet | Param[0]: req | Type: HttpServletRequest | ValueSpace: Unlimited"
"doGet","Framework: servlet | Class: org.apache.catalina.valves.TestErrorReportValve$Bug54220Servlet | Method: doGet | EntryType: servlet:doGet | Param[1]: resp | Type: HttpServletResponse | ValueSpace: Unlimited"
"service","Framework: servlet | Class: org.apache.catalina.valves.TestErrorReportValve$ErrorPageServlet | Method: service | EntryType: servlet:service | Param[0]: request | Type: ServletRequest | ValueSpace: Unlimited"
"service","Framework: servlet | Class: org.apache.catalina.valves.TestErrorReportValve$ErrorPageServlet | Method: service | EntryType: servlet:service | Param[1]: response | Type: ServletResponse | ValueSpace: Unlimited"
"service","Framework: servlet | Class: org.apache.catalina.valves.TestErrorReportValve$ExceptionServlet | Method: service | EntryType: servlet:service | Param[0]: request | Type: ServletRequest | ValueSpace: Unlimited"
"service","Framework: servlet | Class: org.apache.catalina.valves.TestErrorReportValve$ExceptionServlet | Method: service | EntryType: servlet:service | Param[1]: response | Type: ServletResponse | ValueSpace: Unlimited"
"doGet","Framework: servlet | Class: org.apache.catalina.valves.TestErrorReportValve$Bug54536Servlet | Method: doGet | EntryType: servlet:doGet | Param[0]: req | Type: HttpServletRequest | ValueSpace: Unlimited"
"doGet","Framework: servlet | Class: org.apache.catalina.valves.TestErrorReportValve$Bug54536Servlet | Method: doGet | EntryType: servlet:doGet | Param[1]: resp | Type: HttpServletResponse | ValueSpace: Unlimited"
"doGet","Framework: servlet | Class: org.apache.catalina.valves.TestErrorReportValve$ErrorServlet | Method: doGet | EntryType: servlet:doGet | Param[0]: req | Type: HttpServletRequest | ValueSpace: Unlimited"
"doGet","Framework: servlet | Class: org.apache.catalina.valves.TestErrorReportValve$ErrorServlet | Method: doGet | EntryType: servlet:doGet | Param[1]: resp | Type: HttpServletResponse | ValueSpace: Unlimited"
"service","Framework: servlet | Class: org.apache.catalina.valves.TestJsonErrorReportValve$ExceptionServlet | Method: service | EntryType: servlet:service | Param[0]: request | Type: ServletRequest | ValueSpace: Unlimited"
"service","Framework: servlet | Class: org.apache.catalina.valves.TestJsonErrorReportValve$ExceptionServlet | Method: service | EntryType: servlet:service | Param[1]: response | Type: ServletResponse | ValueSpace: Unlimited"
"service","Framework: servlet | Class: org.apache.catalina.valves.TestHealthCheckValve$DummyServlet | Method: service | EntryType: servlet:service | Param[0]: request | Type: ServletRequest | ValueSpace: Unlimited"
"service","Framework: servlet | Class: org.apache.catalina.valves.TestHealthCheckValve$DummyServlet | Method: service | EntryType: servlet:service | Param[1]: response | Type: ServletResponse | ValueSpace: Unlimited"
"service","Framework: servlet | Class: org.apache.catalina.valves.TestJsonErrorReportValve$ChainedExceptionServlet | Method: service | EntryType: servlet:service | Param[0]: request | Type: ServletRequest | ValueSpace: Unlimited"
"service","Framework: servlet | Class: org.apache.catalina.valves.TestJsonErrorReportValve$ChainedExceptionServlet | Method: service | EntryType: servlet:service | Param[1]: response | Type: ServletResponse | ValueSpace: Unlimited"
"doPost","Framework: servlet | Class: org.apache.catalina.valves.TestParameterLimitValve$MultipartServlet | Method: doPost | EntryType: servlet:doPost | Param[0]: req | Type: HttpServletRequest | ValueSpace: Unlimited"
"doPost","Framework: servlet | Class: org.apache.catalina.valves.TestParameterLimitValve$MultipartServlet | Method: doPost | EntryType: servlet:doPost | Param[1]: resp | Type: HttpServletResponse | ValueSpace: Unlimited"
"doGet","Framework: servlet | Class: org.apache.catalina.valves.TestJsonErrorReportValve$SendErrorServlet | Method: doGet | EntryType: servlet:doGet | Param[0]: req | Type: HttpServletRequest | ValueSpace: Unlimited"
"doGet","Framework: servlet | Class: org.apache.catalina.valves.TestJsonErrorReportValve$SendErrorServlet | Method: doGet | EntryType: servlet:doGet | Param[1]: resp | Type: HttpServletResponse | ValueSpace: Unlimited"
"doGet","Framework: servlet | Class: org.apache.catalina.valves.TestPersistentValveAsync$AsyncDispatchServlet | Method: doGet | EntryType: servlet:doGet | Param[0]: request | Type: HttpServletRequest | ValueSpace: Unlimited"
"doGet","Framework: servlet | Class: org.apache.catalina.valves.TestPersistentValveAsync$AsyncDispatchServlet | Method: doGet | EntryType: servlet:doGet | Param[1]: response | Type: HttpServletResponse | ValueSpace: Unlimited"
"doGet","Framework: servlet | Class: org.apache.catalina.valves.TestPersistentValveAsync$AsyncCompleteServlet | Method: doGet | EntryType: servlet:doGet | Param[0]: request | Type: HttpServletRequest | ValueSpace: Unlimited"
"doGet","Framework: servlet | Class: org.apache.catalina.valves.TestPersistentValveAsync$AsyncCompleteServlet | Method: doGet | EntryType: servlet:doGet | Param[1]: response | Type: HttpServletResponse | ValueSpace: Unlimited"
"doGet","Framework: servlet | Class: org.apache.catalina.valves.TestPersistentValveAsync$ErrorDispatchingAsyncServlet | Method: doGet | EntryType: servlet:doGet | Param[0]: request | Type: HttpServletRequest | ValueSpace: Unlimited"
"doGet","Framework: servlet | Class: org.apache.catalina.valves.TestPersistentValveAsync$ErrorDispatchingAsyncServlet | Method: doGet | EntryType: servlet:doGet | Param[1]: response | Type: HttpServletResponse | ValueSpace: Unlimited"
"doGet","Framework: servlet | Class: org.apache.catalina.valves.TestPersistentValveAsync$BlockingAsyncServlet | Method: doGet | EntryType: servlet:doGet | Param[0]: request | Type: HttpServletRequest | ValueSpace: Unlimited"
"doGet","Framework: servlet | Class: org.apache.catalina.valves.TestPersistentValveAsync$BlockingAsyncServlet | Method: doGet | EntryType: servlet:doGet | Param[1]: response | Type: HttpServletResponse | ValueSpace: Unlimited"
"doGet","Framework: servlet | Class: org.apache.catalina.valves.TestPersistentValveAsync$SessionServlet | Method: doGet | EntryType: servlet:doGet | Param[0]: request | Type: HttpServletRequest | ValueSpace: Unlimited"
"doGet","Framework: servlet | Class: org.apache.catalina.valves.TestPersistentValveAsync$SessionServlet | Method: doGet | EntryType: servlet:doGet | Param[1]: response | Type: HttpServletResponse | ValueSpace: Unlimited"
"doGet","Framework: servlet | Class: org.apache.catalina.valves.TestPersistentValveAsync$DispatchingAsyncServlet | Method: doGet | EntryType: servlet:doGet | Param[0]: request | Type: HttpServletRequest | ValueSpace: Unlimited"
"doGet","Framework: servlet | Class: org.apache.catalina.valves.TestPersistentValveAsync$DispatchingAsyncServlet | Method: doGet | EntryType: servlet:doGet | Param[1]: response | Type: HttpServletResponse | ValueSpace: Unlimited"
"doGet","Framework: servlet | Class: org.apache.catalina.valves.TestPersistentValveAsync$ErrorServlet | Method: doGet | EntryType: servlet:doGet | Param[0]: request | Type: HttpServletRequest | ValueSpace: Unlimited"
"doGet","Framework: servlet | Class: org.apache.catalina.valves.TestPersistentValveAsync$ErrorServlet | Method: doGet | EntryType: servlet:doGet | Param[1]: response | Type: HttpServletResponse | ValueSpace: Unlimited"
"doGet","Framework: servlet | Class: org.apache.catalina.valves.TestProxyErrorReportValve$SendErrorServlet | Method: doGet | EntryType: servlet:doGet | Param[0]: req | Type: HttpServletRequest | ValueSpace: Unlimited"
"doGet","Framework: servlet | Class: org.apache.catalina.valves.TestProxyErrorReportValve$SendErrorServlet | Method: doGet | EntryType: servlet:doGet | Param[1]: resp | Type: HttpServletResponse | ValueSpace: Unlimited"
"doGet","Framework: servlet | Class: org.apache.catalina.valves.TestProxyErrorReportValve$ErrorPageServlet | Method: doGet | EntryType: servlet:doGet | Param[0]: req | Type: HttpServletRequest | ValueSpace: Unlimited"
"doGet","Framework: servlet | Class: org.apache.catalina.valves.TestProxyErrorReportValve$ErrorPageServlet | Method: doGet | EntryType: servlet:doGet | Param[1]: resp | Type: HttpServletResponse | ValueSpace: Unlimited"
"doGet","Framework: servlet | Class: org.apache.catalina.valves.TestPersistentValveAsync$TimeoutAsyncServlet | Method: doGet | EntryType: servlet:doGet | Param[0]: request | Type: HttpServletRequest | ValueSpace: Unlimited"
"doGet","Framework: servlet | Class: org.apache.catalina.valves.TestPersistentValveAsync$TimeoutAsyncServlet | Method: doGet | EntryType: servlet:doGet | Param[1]: response | Type: HttpServletResponse | ValueSpace: Unlimited"
"doGet","Framework: servlet | Class: org.apache.catalina.valves.TestSemaphoreValve$SlowServlet | Method: doGet | EntryType: servlet:doGet | Param[0]: req | Type: HttpServletRequest | ValueSpace: Unlimited"
"doGet","Framework: servlet | Class: org.apache.catalina.valves.TestSemaphoreValve$SlowServlet | Method: doGet | EntryType: servlet:doGet | Param[1]: resp | Type: HttpServletResponse | ValueSpace: Unlimited"
"doGet","Framework: servlet | Class: org.apache.catalina.valves.TestProxyErrorReportValve$ExceptionServlet | Method: doGet | EntryType: servlet:doGet | Param[0]: req | Type: HttpServletRequest | ValueSpace: Unlimited"
"doGet","Framework: servlet | Class: org.apache.catalina.valves.TestProxyErrorReportValve$ExceptionServlet | Method: doGet | EntryType: servlet:doGet | Param[1]: resp | Type: HttpServletResponse | ValueSpace: Unlimited"
"doGet","Framework: servlet | Class: org.apache.catalina.valves.TestStuckThreadDetectionValve$StickingServlet | Method: doGet | EntryType: servlet:doGet | Param[0]: req | Type: HttpServletRequest | ValueSpace: Unlimited"
"doGet","Framework: servlet | Class: org.apache.catalina.valves.TestStuckThreadDetectionValve$StickingServlet | Method: doGet | EntryType: servlet:doGet | Param[1]: resp | Type: HttpServletResponse | ValueSpace: Unlimited"
"doGet","Framework: servlet | Class: org.apache.catalina.valves.rewrite.TestRewriteValve$CookieTestServlet | Method: doGet | EntryType: servlet:doGet | Param[0]: req | Type: HttpServletRequest | ValueSpace: Unlimited"
"doGet","Framework: servlet | Class: org.apache.catalina.valves.rewrite.TestRewriteValve$CookieTestServlet | Method: doGet | EntryType: servlet:doGet | Param[1]: resp | Type: HttpServletResponse | ValueSpace: Unlimited"
"doGet","Framework: servlet | Class: org.apache.catalina.webresources.TestWebResourceContentType$DefaultServlet | Method: doGet | EntryType: servlet:doGet | Param[0]: req | Type: HttpServletRequest | ValueSpace: Unlimited"
"doGet","Framework: servlet | Class: org.apache.catalina.webresources.TestWebResourceContentType$DefaultServlet | Method: doGet | EntryType: servlet:doGet | Param[1]: resp | Type: HttpServletResponse | ValueSpace: Unlimited"
"doPost","Framework: servlet | Class: org.apache.coyote.TestIoTimeouts$NonBlockingEchoServlet | Method: doPost | EntryType: servlet:doPost | Param[0]: req | Type: HttpServletRequest | ValueSpace: Unlimited"
"doPost","Framework: servlet | Class: org.apache.coyote.TestIoTimeouts$NonBlockingEchoServlet | Method: doPost | EntryType: servlet:doPost | Param[1]: resp | Type: HttpServletResponse | ValueSpace: Unlimited"
"doGet","Framework: servlet | Class: org.apache.coyote.TestResponse$CharsetServlet | Method: doGet | EntryType: servlet:doGet | Param[0]: req | Type: HttpServletRequest | ValueSpace: Unlimited"
"doGet","Framework: servlet | Class: org.apache.coyote.TestResponse$CharsetServlet | Method: doGet | EntryType: servlet:doGet | Param[1]: resp | Type: HttpServletResponse | ValueSpace: Unlimited"
"doGet","Framework: servlet | Class: org.apache.coyote.TestResponse$ContentTypeServlet | Method: doGet | EntryType: servlet:doGet | Param[0]: req | Type: HttpServletRequest | ValueSpace: Unlimited"
"doGet","Framework: servlet | Class: org.apache.coyote.TestResponse$ContentTypeServlet | Method: doGet | EntryType: servlet:doGet | Param[1]: resp | Type: HttpServletResponse | ValueSpace: Unlimited"
"doGet","Framework: servlet | Class: org.apache.coyote.ajp.TestAbstractAjpProcessor$FixedResponseSizeServlet | Method: doGet | EntryType: servlet:doGet | Param[0]: req | Type: HttpServletRequest | ValueSpace: Unlimited"
"doGet","Framework: servlet | Class: org.apache.coyote.ajp.TestAbstractAjpProcessor$FixedResponseSizeServlet | Method: doGet | EntryType: servlet:doGet | Param[1]: resp | Type: HttpServletResponse | ValueSpace: Unlimited"
"doGet","Framework: servlet | Class: org.apache.coyote.ajp.TestAbstractAjpProcessor$NoHeadersServlet | Method: doGet | EntryType: servlet:doGet | Param[0]: req | Type: HttpServletRequest | ValueSpace: Unlimited"
"doGet","Framework: servlet | Class: org.apache.coyote.ajp.TestAbstractAjpProcessor$NoHeadersServlet | Method: doGet | EntryType: servlet:doGet | Param[1]: resp | Type: HttpServletResponse | ValueSpace: Unlimited"
"doGet","Framework: servlet | Class: org.apache.coyote.ajp.TestAbstractAjpProcessor$InvalidHeaderServlet | Method: doGet | EntryType: servlet:doGet | Param[0]: req | Type: HttpServletRequest | ValueSpace: Unlimited"
"doGet","Framework: servlet | Class: org.apache.coyote.ajp.TestAbstractAjpProcessor$InvalidHeaderServlet | Method: doGet | EntryType: servlet:doGet | Param[1]: resp | Type: HttpServletResponse | ValueSpace: Unlimited"
"doPost","Framework: servlet | Class: org.apache.coyote.ajp.TestAbstractAjpProcessor$ReadBodyServlet | Method: doPost | EntryType: servlet:doPost | Param[0]: req | Type: HttpServletRequest | ValueSpace: Unlimited"
"doPost","Framework: servlet | Class: org.apache.coyote.ajp.TestAbstractAjpProcessor$ReadBodyServlet | Method: doPost | EntryType: servlet:doPost | Param[1]: resp | Type: HttpServletResponse | ValueSpace: Unlimited"
"doGet","Framework: servlet | Class: org.apache.coyote.ajp.TestAbstractAjpProcessor$ReadBodyServlet | Method: doGet | EntryType: servlet:doGet | Param[0]: req | Type: HttpServletRequest | ValueSpace: Unlimited"
"doGet","Framework: servlet | Class: org.apache.coyote.ajp.TestAbstractAjpProcessor$ReadBodyServlet | Method: doGet | EntryType: servlet:doGet | Param[1]: resp | Type: HttpServletResponse | ValueSpace: Unlimited"
"doGet","Framework: servlet | Class: org.apache.coyote.ajp.TestAbstractAjpProcessor$Tester304WithBodyServlet | Method: doGet | EntryType: servlet:doGet | Param[0]: req | Type: HttpServletRequest | ValueSpace: Unlimited"
"doGet","Framework: servlet | Class: org.apache.coyote.ajp.TestAbstractAjpProcessor$Tester304WithBodyServlet | Method: doGet | EntryType: servlet:doGet | Param[1]: resp | Type: HttpServletResponse | ValueSpace: Unlimited"
"doGet","Framework: servlet | Class: org.apache.coyote.http11.TestHttp11InputBuffer$Bug48839Servlet | Method: doGet | EntryType: servlet:doGet | Param[0]: req | Type: HttpServletRequest | ValueSpace: Unlimited"
"doGet","Framework: servlet | Class: org.apache.coyote.http11.TestHttp11InputBuffer$Bug48839Servlet | Method: doGet | EntryType: servlet:doGet | Param[1]: resp | Type: HttpServletResponse | ValueSpace: Unlimited"
"doGet","Framework: servlet | Class: org.apache.coyote.http11.TestHttp11InputBuffer$Bug51557Servlet | Method: doGet | EntryType: servlet:doGet | Param[0]: req | Type: HttpServletRequest | ValueSpace: Unlimited"
"doGet","Framework: servlet | Class: org.apache.coyote.http11.TestHttp11InputBuffer$Bug51557Servlet | Method: doGet | EntryType: servlet:doGet | Param[1]: resp | Type: HttpServletResponse | ValueSpace: Unlimited"
"doGet","Framework: servlet | Class: org.apache.coyote.http11.TestHttp11OutputBuffer$HeaderServlet | Method: doGet | EntryType: servlet:doGet | Param[0]: req | Type: HttpServletRequest | ValueSpace: Unlimited"
"doGet","Framework: servlet | Class: org.apache.coyote.http11.TestHttp11OutputBuffer$HeaderServlet | Method: doGet | EntryType: servlet:doGet | Param[1]: resp | Type: HttpServletResponse | ValueSpace: Unlimited"
"doGet","Framework: servlet | Class: org.apache.coyote.http11.TestHttp11Processor$Bug55772Servlet | Method: doGet | EntryType: servlet:doGet | Param[0]: req | Type: HttpServletRequest | ValueSpace: Unlimited"
"doGet","Framework: servlet | Class: org.apache.coyote.http11.TestHttp11Processor$Bug55772Servlet | Method: doGet | EntryType: servlet:doGet | Param[1]: resp | Type: HttpServletResponse | ValueSpace: Unlimited"
"doGet","Framework: servlet | Class: org.apache.coyote.http11.TestHttp11Processor$Bug61086Servlet | Method: doGet | EntryType: servlet:doGet | Param[0]: req | Type: HttpServletRequest | ValueSpace: Unlimited"
"doGet","Framework: servlet | Class: org.apache.coyote.http11.TestHttp11Processor$Bug61086Servlet | Method: doGet | EntryType: servlet:doGet | Param[1]: resp | Type: HttpServletResponse | ValueSpace: Unlimited"
"doHead","Framework: servlet | Class: org.apache.coyote.http11.TestHttp11Processor$Bug59310Servlet | Method: doHead | EntryType: servlet:doHead | Param[0]: req | Type: HttpServletRequest | ValueSpace: Unlimited"
"doHead","Framework: servlet | Class: org.apache.coyote.http11.TestHttp11Processor$Bug59310Servlet | Method: doHead | EntryType: servlet:doHead | Param[1]: resp | Type: HttpServletResponse | ValueSpace: Unlimited"
"doPut","Framework: servlet | Class: org.apache.coyote.http11.TestHttp11Processor$Bug57621Servlet | Method: doPut | EntryType: servlet:doPut | Param[0]: req | Type: HttpServletRequest | ValueSpace: Unlimited"
"doPut","Framework: servlet | Class: org.apache.coyote.http11.TestHttp11Processor$Bug57621Servlet | Method: doPut | EntryType: servlet:doPut | Param[1]: resp | Type: HttpServletResponse | ValueSpace: Unlimited"
"doGet","Framework: servlet | Class: org.apache.coyote.http11.TestHttp11Processor$Bug59310Servlet | Method: doGet | EntryType: servlet:doGet | Param[0]: req | Type: HttpServletRequest | ValueSpace: Unlimited"
"doGet","Framework: servlet | Class: org.apache.coyote.http11.TestHttp11Processor$Bug59310Servlet | Method: doGet | EntryType: servlet:doGet | Param[1]: resp | Type: HttpServletResponse | ValueSpace: Unlimited"
"doGet","Framework: servlet | Class: org.apache.coyote.http11.TestHttp11Processor$Bug64974Servlet | Method: doGet | EntryType: servlet:doGet | Param[0]: req | Type: HttpServletRequest | ValueSpace: Unlimited"
"doGet","Framework: servlet | Class: org.apache.coyote.http11.TestHttp11Processor$Bug64974Servlet | Method: doGet | EntryType: servlet:doGet | Param[1]: resp | Type: HttpServletResponse | ValueSpace: Unlimited"
"doGet","Framework: servlet | Class: org.apache.coyote.http11.TestHttp11Processor$EarlyHintsServlet | Method: doGet | EntryType: servlet:doGet | Param[0]: req | Type: HttpServletRequest | ValueSpace: Unlimited"
"doGet","Framework: servlet | Class: org.apache.coyote.http11.TestHttp11Processor$EarlyHintsServlet | Method: doGet | EntryType: servlet:doGet | Param[1]: resp | Type: HttpServletResponse | ValueSpace: Unlimited"
"doPost","Framework: servlet | Class: org.apache.coyote.http11.TestHttp11Processor$DispatchingServlet | Method: doPost | EntryType: servlet:doPost | Param[0]: req | Type: HttpServletRequest | ValueSpace: Unlimited"
"doPost","Framework: servlet | Class: org.apache.coyote.http11.TestHttp11Processor$DispatchingServlet | Method: doPost | EntryType: servlet:doPost | Param[1]: resp | Type: HttpServletResponse | ValueSpace: Unlimited"
"doGet","Framework: servlet | Class: org.apache.coyote.http11.TestHttp11Processor$LargeHeaderServlet | Method: doGet | EntryType: servlet:doGet | Param[0]: req | Type: HttpServletRequest | ValueSpace: Unlimited"
"doGet","Framework: servlet | Class: org.apache.coyote.http11.TestHttp11Processor$LargeHeaderServlet | Method: doGet | EntryType: servlet:doGet | Param[1]: resp | Type: HttpServletResponse | ValueSpace: Unlimited"
"doGet","Framework: servlet | Class: org.apache.coyote.http11.TestHttp11Processor$ResponseWithErrorServlet | Method: doGet | EntryType: servlet:doGet | Param[0]: req | Type: HttpServletRequest | ValueSpace: Unlimited"
"doGet","Framework: servlet | Class: org.apache.coyote.http11.TestHttp11Processor$ResponseWithErrorServlet | Method: doGet | EntryType: servlet:doGet | Param[1]: resp | Type: HttpServletResponse | ValueSpace: Unlimited"
"doGet","Framework: servlet | Class: org.apache.coyote.http11.TestHttp11Processor$ServerNameTesterServlet | Method: doGet | EntryType: servlet:doGet | Param[0]: req | Type: HttpServletRequest | ValueSpace: Unlimited"
"doGet","Framework: servlet | Class: org.apache.coyote.http11.TestHttp11Processor$ServerNameTesterServlet | Method: doGet | EntryType: servlet:doGet | Param[1]: resp | Type: HttpServletResponse | ValueSpace: Unlimited"
"doGet","Framework: servlet | Class: org.apache.coyote.http11.TestHttp11Processor$NoContentLengthFlushingServlet | Method: doGet | EntryType: servlet:doGet | Param[0]: req | Type: HttpServletRequest | ValueSpace: Unlimited"
"doGet","Framework: servlet | Class: org.apache.coyote.http11.TestHttp11Processor$NoContentLengthFlushingServlet | Method: doGet | EntryType: servlet:doGet | Param[1]: resp | Type: HttpServletResponse | ValueSpace: Unlimited"
"doGet","Framework: servlet | Class: org.apache.coyote.http11.TestHttp11Processor$NoContentLengthConnectionCloseFlushingServlet | Method: doGet | EntryType: servlet:doGet | Param[0]: req | Type: HttpServletRequest | ValueSpace: Unlimited"
"doGet","Framework: servlet | Class: org.apache.coyote.http11.TestHttp11Processor$NoContentLengthConnectionCloseFlushingServlet | Method: doGet | EntryType: servlet:doGet | Param[1]: resp | Type: HttpServletResponse | ValueSpace: Unlimited"
"doPost","Framework: servlet | Class: org.apache.coyote.http11.TestHttp11Processor$SwallowBodyTesterServlet | Method: doPost | EntryType: servlet:doPost | Param[0]: req | Type: HttpServletRequest | ValueSpace: Unlimited"
"doPost","Framework: servlet | Class: org.apache.coyote.http11.TestHttp11Processor$SwallowBodyTesterServlet | Method: doPost | EntryType: servlet:doPost | Param[1]: resp | Type: HttpServletResponse | ValueSpace: Unlimited"
"doPost","Framework: servlet | Class: org.apache.coyote.http11.TestHttp11Processor$TestPostNoReadServlet | Method: doPost | EntryType: servlet:doPost | Param[0]: req | Type: HttpServletRequest | ValueSpace: Unlimited"
"doPost","Framework: servlet | Class: org.apache.coyote.http11.TestHttp11Processor$TestPostNoReadServlet | Method: doPost | EntryType: servlet:doPost | Param[1]: resp | Type: HttpServletResponse | ValueSpace: Unlimited"
"doHead","Framework: servlet | Class: org.apache.coyote.http11.TestHttp11ProcessorDoHead$DoHeadServlet | Method: doHead | EntryType: servlet:doHead | Param[0]: req | Type: HttpServletRequest | ValueSpace: Unlimited"
"doHead","Framework: servlet | Class: org.apache.coyote.http11.TestHttp11ProcessorDoHead$DoHeadServlet | Method: doHead | EntryType: servlet:doHead | Param[1]: resp | Type: HttpServletResponse | ValueSpace: Unlimited"
"doGet","Framework: servlet | Class: org.apache.coyote.http11.TestHttp11ProcessorDoHead$DoHeadServlet | Method: doGet | EntryType: servlet:doGet | Param[0]: req | Type: HttpServletRequest | ValueSpace: Unlimited"
"doGet","Framework: servlet | Class: org.apache.coyote.http11.TestHttp11ProcessorDoHead$DoHeadServlet | Method: doGet | EntryType: servlet:doGet | Param[1]: resp | Type: HttpServletResponse | ValueSpace: Unlimited"
"doPost","Framework: servlet | Class: org.apache.coyote.http11.filters.TestChunkedInputFilter$CommitResponseServlet | Method: doPost | EntryType: servlet:doPost | Param[0]: req | Type: HttpServletRequest | ValueSpace: Unlimited"
"doPost","Framework: servlet | Class: org.apache.coyote.http11.filters.TestChunkedInputFilter$CommitResponseServlet | Method: doPost | EntryType: servlet:doPost | Param[1]: resp | Type: HttpServletResponse | ValueSpace: Unlimited"
"doPost","Framework: servlet | Class: org.apache.coyote.http11.filters.TestChunkedInputFilter$BodyReadLineServlet | Method: doPost | EntryType: servlet:doPost | Param[0]: req | Type: HttpServletRequest | ValueSpace: Unlimited"
"doPost","Framework: servlet | Class: org.apache.coyote.http11.filters.TestChunkedInputFilter$BodyReadLineServlet | Method: doPost | EntryType: servlet:doPost | Param[1]: resp | Type: HttpServletResponse | ValueSpace: Unlimited"
"doPost","Framework: servlet | Class: org.apache.coyote.http11.filters.TestChunkedInputFilter$EchoHeaderServlet | Method: doPost | EntryType: servlet:doPost | Param[0]: req | Type: HttpServletRequest | ValueSpace: Unlimited"
"doPost","Framework: servlet | Class: org.apache.coyote.http11.filters.TestChunkedInputFilter$EchoHeaderServlet | Method: doPost | EntryType: servlet:doPost | Param[1]: resp | Type: HttpServletResponse | ValueSpace: Unlimited"
"doPost","Framework: servlet | Class: org.apache.coyote.http11.filters.TestChunkedInputFilter$BodyReadServlet | Method: doPost | EntryType: servlet:doPost | Param[0]: req | Type: HttpServletRequest | ValueSpace: Unlimited"
"doPost","Framework: servlet | Class: org.apache.coyote.http11.filters.TestChunkedInputFilter$BodyReadServlet | Method: doPost | EntryType: servlet:doPost | Param[1]: resp | Type: HttpServletResponse | ValueSpace: Unlimited"
"doPost","Framework: servlet | Class: org.apache.coyote.http11.filters.TestChunkedInputFilter$NonBlockingReadLineServlet | Method: doPost | EntryType: servlet:doPost | Param[0]: req | Type: HttpServletRequest | ValueSpace: Unlimited"
"doPost","Framework: servlet | Class: org.apache.coyote.http11.filters.TestChunkedInputFilter$NonBlockingReadLineServlet | Method: doPost | EntryType: servlet:doPost | Param[1]: resp | Type: HttpServletResponse | ValueSpace: Unlimited"
"doPost","Framework: servlet | Class: org.apache.coyote.http11.filters.TestChunkedInputFilter$SwallowBodyServlet | Method: doPost | EntryType: servlet:doPost | Param[0]: req | Type: HttpServletRequest | ValueSpace: Unlimited"
"doPost","Framework: servlet | Class: org.apache.coyote.http11.filters.TestChunkedInputFilter$SwallowBodyServlet | Method: doPost | EntryType: servlet:doPost | Param[1]: resp | Type: HttpServletResponse | ValueSpace: Unlimited"
"doGet","Framework: servlet | Class: org.apache.coyote.http11.upgrade.TestUpgrade$UpgradeServlet | Method: doGet | EntryType: servlet:doGet | Param[0]: req | Type: HttpServletRequest | ValueSpace: Unlimited"
"doGet","Framework: servlet | Class: org.apache.coyote.http11.upgrade.TestUpgrade$UpgradeServlet | Method: doGet | EntryType: servlet:doGet | Param[1]: resp | Type: HttpServletResponse | ValueSpace: Unlimited"
"doGet","Framework: servlet | Class: org.apache.coyote.http11.upgrade.TestUpgradeInternalHandler$UpgradeServlet | Method: doGet | EntryType: servlet:doGet | Param[0]: req | Type: HttpServletRequest | ValueSpace: Unlimited"
"doGet","Framework: servlet | Class: org.apache.coyote.http11.upgrade.TestUpgradeInternalHandler$UpgradeServlet | Method: doGet | EntryType: servlet:doGet | Param[1]: resp | Type: HttpServletResponse | ValueSpace: Unlimited"
"doGet","Framework: servlet | Class: org.apache.coyote.http2.Http2TestBase$CookieServlet | Method: doGet | EntryType: servlet:doGet | Param[0]: req | Type: HttpServletRequest | ValueSpace: Unlimited"
"doGet","Framework: servlet | Class: org.apache.coyote.http2.Http2TestBase$CookieServlet | Method: doGet | EntryType: servlet:doGet | Param[1]: resp | Type: HttpServletResponse | ValueSpace: Unlimited"
"doGet","Framework: servlet | Class: org.apache.coyote.http2.Http2TestBase$EmptyServlet | Method: doGet | EntryType: servlet:doGet | Param[0]: req | Type: HttpServletRequest | ValueSpace: Unlimited"
"doGet","Framework: servlet | Class: org.apache.coyote.http2.Http2TestBase$EmptyServlet | Method: doGet | EntryType: servlet:doGet | Param[1]: resp | Type: HttpServletResponse | ValueSpace: Unlimited"
"doGet","Framework: servlet | Class: org.apache.coyote.http2.Http2TestBase$LargeServlet | Method: doGet | EntryType: servlet:doGet | Param[0]: req | Type: HttpServletRequest | ValueSpace: Unlimited"
"doGet","Framework: servlet | Class: org.apache.coyote.http2.Http2TestBase$LargeServlet | Method: doGet | EntryType: servlet:doGet | Param[1]: resp | Type: HttpServletResponse | ValueSpace: Unlimited"
"doPost","Framework: servlet | Class: org.apache.coyote.http2.Http2TestBase$ParameterServlet | Method: doPost | EntryType: servlet:doPost | Param[0]: req | Type: HttpServletRequest | ValueSpace: Unlimited"
"doPost","Framework: servlet | Class: org.apache.coyote.http2.Http2TestBase$ParameterServlet | Method: doPost | EntryType: servlet:doPost | Param[1]: resp | Type: HttpServletResponse | ValueSpace: Unlimited"
"doGet","Framework: servlet | Class: org.apache.coyote.http2.Http2TestBase$NoContentServlet | Method: doGet | EntryType: servlet:doGet | Param[0]: req | Type: HttpServletRequest | ValueSpace: Unlimited"
"doGet","Framework: servlet | Class: org.apache.coyote.http2.Http2TestBase$NoContentServlet | Method: doGet | EntryType: servlet:doGet | Param[1]: resp | Type: HttpServletResponse | ValueSpace: Unlimited"
"doPost","Framework: servlet | Class: org.apache.coyote.http2.Http2TestBase$ReadRequestBodyServlet | Method: doPost | EntryType: servlet:doPost | Param[0]: req | Type: HttpServletRequest | ValueSpace: Unlimited"
"doPost","Framework: servlet | Class: org.apache.coyote.http2.Http2TestBase$ReadRequestBodyServlet | Method: doPost | EntryType: servlet:doPost | Param[1]: resp | Type: HttpServletResponse | ValueSpace: Unlimited"
"doGet","Framework: servlet | Class: org.apache.coyote.http2.Http2TestBase$ReadRequestBodyServlet | Method: doGet | EntryType: servlet:doGet | Param[0]: req | Type: HttpServletRequest | ValueSpace: Unlimited"
"doGet","Framework: servlet | Class: org.apache.coyote.http2.Http2TestBase$ReadRequestBodyServlet | Method: doGet | EntryType: servlet:doGet | Param[1]: resp | Type: HttpServletResponse | ValueSpace: Unlimited"
"doPost","Framework: servlet | Class: org.apache.coyote.http2.Http2TestBase$SimpleServlet | Method: doPost | EntryType: servlet:doPost | Param[0]: req | Type: HttpServletRequest | ValueSpace: Unlimited"
"doPost","Framework: servlet | Class: org.apache.coyote.http2.Http2TestBase$SimpleServlet | Method: doPost | EntryType: servlet:doPost | Param[1]: resp | Type: HttpServletResponse | ValueSpace: Unlimited"
"doGet","Framework: servlet | Class: org.apache.coyote.http2.Http2TestBase$LargeHeaderServlet | Method: doGet | EntryType: servlet:doGet | Param[0]: req | Type: HttpServletRequest | ValueSpace: Unlimited"
"doGet","Framework: servlet | Class: org.apache.coyote.http2.Http2TestBase$LargeHeaderServlet | Method: doGet | EntryType: servlet:doGet | Param[1]: resp | Type: HttpServletResponse | ValueSpace: Unlimited"
"doGet","Framework: servlet | Class: org.apache.coyote.http2.Http2TestBase$SimpleServlet | Method: doGet | EntryType: servlet:doGet | Param[0]: req | Type: HttpServletRequest | ValueSpace: Unlimited"
"doGet","Framework: servlet | Class: org.apache.coyote.http2.Http2TestBase$SimpleServlet | Method: doGet | EntryType: servlet:doGet | Param[1]: resp | Type: HttpServletResponse | ValueSpace: Unlimited"
"doGet","Framework: servlet | Class: org.apache.coyote.http2.TestAsyncError$AsyncErrorServlet | Method: doGet | EntryType: servlet:doGet | Param[0]: req | Type: HttpServletRequest | ValueSpace: Unlimited"
"doGet","Framework: servlet | Class: org.apache.coyote.http2.TestAsyncError$AsyncErrorServlet | Method: doGet | EntryType: servlet:doGet | Param[1]: resp | Type: HttpServletResponse | ValueSpace: Unlimited"
"doGet","Framework: servlet | Class: org.apache.coyote.http2.TestAsync$AsyncServlet | Method: doGet | EntryType: servlet:doGet | Param[0]: request | Type: HttpServletRequest | ValueSpace: Unlimited"
"doGet","Framework: servlet | Class: org.apache.coyote.http2.TestAsync$AsyncServlet | Method: doGet | EntryType: servlet:doGet | Param[1]: response | Type: HttpServletResponse | ValueSpace: Unlimited"
"doPost","Framework: servlet | Class: org.apache.coyote.http2.TestAsyncReadListener$AsyncServlet | Method: doPost | EntryType: servlet:doPost | Param[0]: req | Type: HttpServletRequest | ValueSpace: Unlimited"
"doPost","Framework: servlet | Class: org.apache.coyote.http2.TestAsyncReadListener$AsyncServlet | Method: doPost | EntryType: servlet:doPost | Param[1]: resp | Type: HttpServletResponse | ValueSpace: Unlimited"
"doGet","Framework: servlet | Class: org.apache.coyote.http2.TestAsyncFlush$AsyncFlushServlet | Method: doGet | EntryType: servlet:doGet | Param[0]: request | Type: HttpServletRequest | ValueSpace: Unlimited"
"doGet","Framework: servlet | Class: org.apache.coyote.http2.TestAsyncFlush$AsyncFlushServlet | Method: doGet | EntryType: servlet:doGet | Param[1]: response | Type: HttpServletResponse | ValueSpace: Unlimited"
"doPost","Framework: servlet | Class: org.apache.coyote.http2.TestCancelledUpload$CancelServlet | Method: doPost | EntryType: servlet:doPost | Param[0]: req | Type: HttpServletRequest | ValueSpace: Unlimited"
"doPost","Framework: servlet | Class: org.apache.coyote.http2.TestCancelledUpload$CancelServlet | Method: doPost | EntryType: servlet:doPost | Param[1]: resp | Type: HttpServletResponse | ValueSpace: Unlimited"
"doGet","Framework: servlet | Class: org.apache.coyote.http2.TestAsyncTimeout$AsyncTimeoutServlet | Method: doGet | EntryType: servlet:doGet | Param[0]: request | Type: HttpServletRequest | ValueSpace: Unlimited"
"doGet","Framework: servlet | Class: org.apache.coyote.http2.TestAsyncTimeout$AsyncTimeoutServlet | Method: doGet | EntryType: servlet:doGet | Param[1]: response | Type: HttpServletResponse | ValueSpace: Unlimited"
"doPost","Framework: servlet | Class: org.apache.coyote.http2.TestHttp2AccessLogs$TrailersServlet | Method: doPost | EntryType: servlet:doPost | Param[0]: req | Type: HttpServletRequest | ValueSpace: Unlimited"
"doPost","Framework: servlet | Class: org.apache.coyote.http2.TestHttp2AccessLogs$TrailersServlet | Method: doPost | EntryType: servlet:doPost | Param[1]: resp | Type: HttpServletResponse | ValueSpace: Unlimited"
"doGet","Framework: servlet | Class: org.apache.coyote.http2.TestHttp2Section_6_6$PushServlet | Method: doGet | EntryType: servlet:doGet | Param[0]: req | Type: HttpServletRequest | ValueSpace: Unlimited"
"doGet","Framework: servlet | Class: org.apache.coyote.http2.TestHttp2Section_6_6$PushServlet | Method: doGet | EntryType: servlet:doGet | Param[1]: resp | Type: HttpServletResponse | ValueSpace: Unlimited"
"doPost","Framework: servlet | Class: org.apache.coyote.http2.TestLargeUpload$DataReadServlet | Method: doPost | EntryType: servlet:doPost | Param[0]: req | Type: HttpServletRequest | ValueSpace: Unlimited"
"doPost","Framework: servlet | Class: org.apache.coyote.http2.TestLargeUpload$DataReadServlet | Method: doPost | EntryType: servlet:doPost | Param[1]: resp | Type: HttpServletResponse | ValueSpace: Unlimited"
"doGet","Framework: servlet | Class: org.apache.coyote.http2.TestStreamProcessor$AsyncComplete | Method: doGet | EntryType: servlet:doGet | Param[0]: request | Type: HttpServletRequest | ValueSpace: Unlimited"
"doGet","Framework: servlet | Class: org.apache.coyote.http2.TestStreamProcessor$AsyncComplete | Method: doGet | EntryType: servlet:doGet | Param[1]: response | Type: HttpServletResponse | ValueSpace: Unlimited"
"doGet","Framework: servlet | Class: org.apache.coyote.http2.TestStandardSessionIntegrationHttp2$SessionServlet | Method: doGet | EntryType: servlet:doGet | Param[0]: req | Type: HttpServletRequest | ValueSpace: Unlimited"
"doGet","Framework: servlet | Class: org.apache.coyote.http2.TestStandardSessionIntegrationHttp2$SessionServlet | Method: doGet | EntryType: servlet:doGet | Param[1]: resp | Type: HttpServletResponse | ValueSpace: Unlimited"
"doGet","Framework: servlet | Class: org.apache.coyote.http2.TestStream$PathParam | Method: doGet | EntryType: servlet:doGet | Param[0]: request | Type: HttpServletRequest | ValueSpace: Unlimited"
"doGet","Framework: servlet | Class: org.apache.coyote.http2.TestStream$PathParam | Method: doGet | EntryType: servlet:doGet | Param[1]: response | Type: HttpServletResponse | ValueSpace: Unlimited"
"doGet","Framework: servlet | Class: org.apache.coyote.http2.TestStreamProcessor$AsyncDispatch | Method: doGet | EntryType: servlet:doGet | Param[0]: request | Type: HttpServletRequest | ValueSpace: Unlimited"
"doGet","Framework: servlet | Class: org.apache.coyote.http2.TestStreamProcessor$AsyncDispatch | Method: doGet | EntryType: servlet:doGet | Param[1]: response | Type: HttpServletResponse | ValueSpace: Unlimited"
"doGet","Framework: servlet | Class: org.apache.coyote.http2.TestStreamProcessor$ServerHeaderServlet | Method: doGet | EntryType: servlet:doGet | Param[0]: req | Type: HttpServletRequest | ValueSpace: Unlimited"
"doGet","Framework: servlet | Class: org.apache.coyote.http2.TestStreamProcessor$ServerHeaderServlet | Method: doGet | EntryType: servlet:doGet | Param[1]: resp | Type: HttpServletResponse | ValueSpace: Unlimited"
"doGet","Framework: servlet | Class: org.apache.coyote.http2.TestStreamProcessor$CompressionServlet | Method: doGet | EntryType: servlet:doGet | Param[0]: req | Type: HttpServletRequest | ValueSpace: Unlimited"
"doGet","Framework: servlet | Class: org.apache.coyote.http2.TestStreamProcessor$CompressionServlet | Method: doGet | EntryType: servlet:doGet | Param[1]: resp | Type: HttpServletResponse | ValueSpace: Unlimited"
"doGet","Framework: servlet | Class: org.apache.coyote.http2.TestStreamProcessor$EarlyHintsServlet | Method: doGet | EntryType: servlet:doGet | Param[0]: req | Type: HttpServletRequest | ValueSpace: Unlimited"
"doGet","Framework: servlet | Class: org.apache.coyote.http2.TestStreamProcessor$EarlyHintsServlet | Method: doGet | EntryType: servlet:doGet | Param[1]: resp | Type: HttpServletResponse | ValueSpace: Unlimited"
"doGet","Framework: servlet | Class: org.apache.coyote.http2.TestStreamQueryString$Query | Method: doGet | EntryType: servlet:doGet | Param[0]: request | Type: HttpServletRequest | ValueSpace: Unlimited"
"doGet","Framework: servlet | Class: org.apache.coyote.http2.TestStreamQueryString$Query | Method: doGet | EntryType: servlet:doGet | Param[1]: response | Type: HttpServletResponse | ValueSpace: Unlimited"
"service","Framework: servlet | Class: org.apache.jasper.runtime.HttpJspBase | Method: service | EntryType: servlet:service | Param[0]: request | Type: HttpServletRequest | ValueSpace: Unlimited"
"service","Framework: servlet | Class: org.apache.jasper.runtime.HttpJspBase | Method: service | EntryType: servlet:service | Param[1]: response | Type: HttpServletResponse | ValueSpace: Unlimited"
"doGet","Framework: servlet | Class: org.apache.jasper.runtime.TestPageContextImpl$Bug56010 | Method: doGet | EntryType: servlet:doGet | Param[0]: req | Type: HttpServletRequest | ValueSpace: Unlimited"
"doGet","Framework: servlet | Class: org.apache.jasper.runtime.TestPageContextImpl$Bug56010 | Method: doGet | EntryType: servlet:doGet | Param[1]: resp | Type: HttpServletResponse | ValueSpace: Unlimited"
"service","Framework: servlet | Class: org.apache.jasper.servlet.JspServlet | Method: service | EntryType: servlet:service | Param[0]: request | Type: HttpServletRequest | ValueSpace: Unlimited"
"service","Framework: servlet | Class: org.apache.jasper.servlet.JspServlet | Method: service | EntryType: servlet:service | Param[1]: response | Type: HttpServletResponse | ValueSpace: Unlimited"
"doPut","Framework: servlet | Class: org.apache.jasper.servlet.TestJspServlet$Bug56568aServlet | Method: doPut | EntryType: servlet:doPut | Param[0]: req | Type: HttpServletRequest | ValueSpace: Unlimited"
"doPut","Framework: servlet | Class: org.apache.jasper.servlet.TestJspServlet$Bug56568aServlet | Method: doPut | EntryType: servlet:doPut | Param[1]: resp | Type: HttpServletResponse | ValueSpace: Unlimited"
"doGet","Framework: servlet | Class: org.apache.naming.TesterInjectionServlet | Method: doGet | EntryType: servlet:doGet | Param[0]: req | Type: HttpServletRequest | ValueSpace: Unlimited"
"doGet","Framework: servlet | Class: org.apache.naming.TesterInjectionServlet | Method: doGet | EntryType: servlet:doGet | Param[1]: resp | Type: HttpServletResponse | ValueSpace: Unlimited"
"doGet","Framework: servlet | Class: org.apache.naming.resources.TestNamingContext$Bug51744Servlet | Method: doGet | EntryType: servlet:doGet | Param[0]: req | Type: HttpServletRequest | ValueSpace: Unlimited"
"doGet","Framework: servlet | Class: org.apache.naming.resources.TestNamingContext$Bug51744Servlet | Method: doGet | EntryType: servlet:doGet | Param[1]: resp | Type: HttpServletResponse | ValueSpace: Unlimited"
"doGet","Framework: servlet | Class: org.apache.naming.resources.TestNamingContext$Bug52830Servlet | Method: doGet | EntryType: servlet:doGet | Param[0]: req | Type: HttpServletRequest | ValueSpace: Unlimited"
"doGet","Framework: servlet | Class: org.apache.naming.resources.TestNamingContext$Bug52830Servlet | Method: doGet | EntryType: servlet:doGet | Param[1]: resp | Type: HttpServletResponse | ValueSpace: Unlimited"
"doGet","Framework: servlet | Class: org.apache.naming.resources.TestNamingContext$Bug23950Servlet | Method: doGet | EntryType: servlet:doGet | Param[0]: req | Type: HttpServletRequest | ValueSpace: Unlimited"
"doGet","Framework: servlet | Class: org.apache.naming.resources.TestNamingContext$Bug23950Servlet | Method: doGet | EntryType: servlet:doGet | Param[1]: resp | Type: HttpServletResponse | ValueSpace: Unlimited"
"doGet","Framework: servlet | Class: org.apache.naming.resources.TestNamingContext$Bug50351Servlet | Method: doGet | EntryType: servlet:doGet | Param[0]: req | Type: HttpServletRequest | ValueSpace: Unlimited"
"doGet","Framework: servlet | Class: org.apache.naming.resources.TestNamingContext$Bug50351Servlet | Method: doGet | EntryType: servlet:doGet | Param[1]: resp | Type: HttpServletResponse | ValueSpace: Unlimited"
"doGet","Framework: servlet | Class: org.apache.naming.resources.TestNamingContext$Bug49994Servlet | Method: doGet | EntryType: servlet:doGet | Param[0]: req | Type: HttpServletRequest | ValueSpace: Unlimited"
"doGet","Framework: servlet | Class: org.apache.naming.resources.TestNamingContext$Bug49994Servlet | Method: doGet | EntryType: servlet:doGet | Param[1]: resp | Type: HttpServletResponse | ValueSpace: Unlimited"
"doGet","Framework: servlet | Class: org.apache.tomcat.security.TestSecurity2023$TestServlet | Method: doGet | EntryType: servlet:doGet | Param[0]: req | Type: HttpServletRequest | ValueSpace: Unlimited"
"doGet","Framework: servlet | Class: org.apache.tomcat.security.TestSecurity2023$TestServlet | Method: doGet | EntryType: servlet:doGet | Param[1]: resp | Type: HttpServletResponse | ValueSpace: Unlimited"
"doPost","Framework: servlet | Class: org.apache.tomcat.security.TestSecurity2023$TestServlet | Method: doPost | EntryType: servlet:doPost | Param[0]: req | Type: HttpServletRequest | ValueSpace: Unlimited"
"doPost","Framework: servlet | Class: org.apache.tomcat.security.TestSecurity2023$TestServlet | Method: doPost | EntryType: servlet:doPost | Param[1]: resp | Type: HttpServletResponse | ValueSpace: Unlimited"
"doGet","Framework: servlet | Class: org.apache.tomcat.unittest.TesterLeakingServlet2 | Method: doGet | EntryType: servlet:doGet | Param[0]: request | Type: HttpServletRequest | ValueSpace: Unlimited"
"doGet","Framework: servlet | Class: org.apache.tomcat.unittest.TesterLeakingServlet2 | Method: doGet | EntryType: servlet:doGet | Param[1]: response | Type: HttpServletResponse | ValueSpace: Unlimited"
"doGet","Framework: servlet | Class: org.apache.tomcat.unittest.TesterLeakingServlet1 | Method: doGet | EntryType: servlet:doGet | Param[0]: request | Type: HttpServletRequest | ValueSpace: Unlimited"
"doGet","Framework: servlet | Class: org.apache.tomcat.unittest.TesterLeakingServlet1 | Method: doGet | EntryType: servlet:doGet | Param[1]: response | Type: HttpServletResponse | ValueSpace: Unlimited"
"doGet","Framework: servlet | Class: org.apache.tomcat.util.buf.TestMessageBytesIntegration$MixUpServlet | Method: doGet | EntryType: servlet:doGet | Param[0]: req | Type: HttpServletRequest | ValueSpace: Unlimited"
"doGet","Framework: servlet | Class: org.apache.tomcat.util.buf.TestMessageBytesIntegration$MixUpServlet | Method: doGet | EntryType: servlet:doGet | Param[1]: resp | Type: HttpServletResponse | ValueSpace: Unlimited"
"doGet","Framework: servlet | Class: org.apache.tomcat.util.http.CookiesBaseTest$CookieServlet | Method: doGet | EntryType: servlet:doGet | Param[0]: req | Type: HttpServletRequest | ValueSpace: Unlimited"
"doGet","Framework: servlet | Class: org.apache.tomcat.util.http.CookiesBaseTest$CookieServlet | Method: doGet | EntryType: servlet:doGet | Param[1]: res | Type: HttpServletResponse | ValueSpace: Unlimited"
"service","Framework: servlet | Class: org.apache.tomcat.util.http.TestCookieParsing$EchoCookies | Method: service | EntryType: servlet:service | Param[0]: req | Type: HttpServletRequest | ValueSpace: Unlimited"
"service","Framework: servlet | Class: org.apache.tomcat.util.http.TestCookieParsing$EchoCookies | Method: service | EntryType: servlet:service | Param[1]: resp | Type: HttpServletResponse | ValueSpace: Unlimited"
"service","Framework: servlet | Class: org.apache.tomcat.util.http.TestBug49158$TestBug49158Servlet | Method: service | EntryType: servlet:service | Param[0]: req | Type: HttpServletRequest | ValueSpace: Unlimited"
"service","Framework: servlet | Class: org.apache.tomcat.util.http.TestBug49158$TestBug49158Servlet | Method: service | EntryType: servlet:service | Param[1]: res | Type: HttpServletResponse | ValueSpace: Unlimited"
"service","Framework: servlet | Class: org.apache.tomcat.util.http.TestCookieParsing$EchoCookieHeader | Method: service | EntryType: servlet:service | Param[0]: req | Type: HttpServletRequest | ValueSpace: Unlimited"
"service","Framework: servlet | Class: org.apache.tomcat.util.http.TestCookieParsing$EchoCookieHeader | Method: service | EntryType: servlet:service | Param[1]: resp | Type: HttpServletResponse | ValueSpace: Unlimited"
"doGet","Framework: servlet | Class: org.apache.tomcat.util.http.TestCookieProcessorGenerationHttp$CookieServlet | Method: doGet | EntryType: servlet:doGet | Param[0]: req | Type: HttpServletRequest | ValueSpace: Unlimited"
"doGet","Framework: servlet | Class: org.apache.tomcat.util.http.TestCookieProcessorGenerationHttp$CookieServlet | Method: doGet | EntryType: servlet:doGet | Param[1]: resp | Type: HttpServletResponse | ValueSpace: Unlimited"
"doPost","Framework: servlet | Class: org.apache.tomcat.util.net.TestSsl$SimplePostServlet | Method: doPost | EntryType: servlet:doPost | Param[0]: req | Type: HttpServletRequest | ValueSpace: Unlimited"
"doPost","Framework: servlet | Class: org.apache.tomcat.util.net.TestSsl$SimplePostServlet | Method: doPost | EntryType: servlet:doPost | Param[1]: resp | Type: HttpServletResponse | ValueSpace: Unlimited"
"doPost","Framework: servlet | Class: org.apache.tomcat.util.net.TesterSupport$SimpleServlet | Method: doPost | EntryType: servlet:doPost | Param[0]: req | Type: HttpServletRequest | ValueSpace: Unlimited"
"doPost","Framework: servlet | Class: org.apache.tomcat.util.net.TesterSupport$SimpleServlet | Method: doPost | EntryType: servlet:doPost | Param[1]: resp | Type: HttpServletResponse | ValueSpace: Unlimited"
"doGet","Framework: servlet | Class: org.apache.tomcat.util.net.TesterSupport$SimpleServlet | Method: doGet | EntryType: servlet:doGet | Param[0]: req | Type: HttpServletRequest | ValueSpace: Unlimited"
"doGet","Framework: servlet | Class: org.apache.tomcat.util.net.TesterSupport$SimpleServlet | Method: doGet | EntryType: servlet:doGet | Param[1]: resp | Type: HttpServletResponse | ValueSpace: Unlimited"
"doPost","Framework: servlet | Class: org.apache.tomcat.util.net.ocsp.TesterOcspResponderServlet | Method: doPost | EntryType: servlet:doPost | Param[0]: req | Type: HttpServletRequest | ValueSpace: Unlimited"
"doPost","Framework: servlet | Class: org.apache.tomcat.util.net.ocsp.TesterOcspResponderServlet | Method: doPost | EntryType: servlet:doPost | Param[1]: resp | Type: HttpServletResponse | ValueSpace: Unlimited"
"doGet","Framework: servlet | Class: org.apache.tomcat.util.net.ocsp.TesterOcspResponderServlet | Method: doGet | EntryType: servlet:doGet | Param[0]: req | Type: HttpServletRequest | ValueSpace: Unlimited"
"doGet","Framework: servlet | Class: org.apache.tomcat.util.net.ocsp.TesterOcspResponderServlet | Method: doGet | EntryType: servlet:doGet | Param[1]: resp | Type: HttpServletResponse | ValueSpace: Unlimited"
"doGet","Framework: servlet | Class: trailers.ResponseTrailers | Method: doGet | EntryType: servlet:doGet | Param[0]: req | Type: HttpServletRequest | ValueSpace: Unlimited"
"doGet","Framework: servlet | Class: trailers.ResponseTrailers | Method: doGet | EntryType: servlet:doGet | Param[1]: resp | Type: HttpServletResponse | ValueSpace: Unlimited"
"service","Framework: servlet | Class: <anonymous class> | Method: service | EntryType: servlet:service | Param[0]: request | Type: HttpServletRequest | ValueSpace: Unlimited"
"service","Framework: servlet | Class: <anonymous class> | Method: service | EntryType: servlet:service | Param[1]: response | Type: HttpServletResponse | ValueSpace: Unlimited"
"service","Framework: servlet | Class: <anonymous class> | Method: service | EntryType: servlet:service | Param[0]: request | Type: HttpServletRequest | ValueSpace: Unlimited"
"service","Framework: servlet | Class: <anonymous class> | Method: service | EntryType: servlet:service | Param[1]: response | Type: HttpServletResponse | ValueSpace: Unlimited"
"service","Framework: servlet | Class: <anonymous class> | Method: service | EntryType: servlet:service | Param[0]: request | Type: HttpServletRequest | ValueSpace: Unlimited"
"service","Framework: servlet | Class: <anonymous class> | Method: service | EntryType: servlet:service | Param[1]: response | Type: HttpServletResponse | ValueSpace: Unlimited"
"service","Framework: servlet | Class: <anonymous class> | Method: service | EntryType: servlet:service | Param[0]: request | Type: HttpServletRequest | ValueSpace: Unlimited"
"service","Framework: servlet | Class: <anonymous class> | Method: service | EntryType: servlet:service | Param[1]: response | Type: HttpServletResponse | ValueSpace: Unlimited"
"service","Framework: servlet | Class: <anonymous class> | Method: service | EntryType: servlet:service | Param[0]: request | Type: HttpServletRequest | ValueSpace: Unlimited"
"service","Framework: servlet | Class: <anonymous class> | Method: service | EntryType: servlet:service | Param[1]: response | Type: HttpServletResponse | ValueSpace: Unlimited"
"service","Framework: servlet | Class: <anonymous class> | Method: service | EntryType: servlet:service | Param[0]: request | Type: HttpServletRequest | ValueSpace: Unlimited"
"service","Framework: servlet | Class: <anonymous class> | Method: service | EntryType: servlet:service | Param[1]: response | Type: HttpServletResponse | ValueSpace: Unlimited"
"service","Framework: servlet | Class: <anonymous class> | Method: service | EntryType: servlet:service | Param[0]: request | Type: HttpServletRequest | ValueSpace: Unlimited"
"service","Framework: servlet | Class: <anonymous class> | Method: service | EntryType: servlet:service | Param[1]: response | Type: HttpServletResponse | ValueSpace: Unlimited"
"service","Framework: servlet | Class: <anonymous class> | Method: service | EntryType: servlet:service | Param[0]: request | Type: HttpServletRequest | ValueSpace: Unlimited"
"service","Framework: servlet | Class: <anonymous class> | Method: service | EntryType: servlet:service | Param[1]: response | Type: HttpServletResponse | ValueSpace: Unlimited"
"service","Framework: servlet | Class: <anonymous class> | Method: service | EntryType: servlet:service | Param[0]: request | Type: HttpServletRequest | ValueSpace: Unlimited"
"service","Framework: servlet | Class: <anonymous class> | Method: service | EntryType: servlet:service | Param[1]: response | Type: HttpServletResponse | ValueSpace: Unlimited"
"service","Framework: servlet | Class: <anonymous class> | Method: service | EntryType: servlet:service | Param[0]: request | Type: HttpServletRequest | ValueSpace: Unlimited"
"service","Framework: servlet | Class: <anonymous class> | Method: service | EntryType: servlet:service | Param[1]: response | Type: HttpServletResponse | ValueSpace: Unlimited"
"service","Framework: servlet | Class: <anonymous class> | Method: service | EntryType: servlet:service | Param[0]: request | Type: HttpServletRequest | ValueSpace: Unlimited"
"service","Framework: servlet | Class: <anonymous class> | Method: service | EntryType: servlet:service | Param[1]: response | Type: HttpServletResponse | ValueSpace: Unlimited"
"service","Framework: servlet | Class: <anonymous class> | Method: service | EntryType: servlet:service | Param[0]: request | Type: HttpServletRequest | ValueSpace: Unlimited"
"service","Framework: servlet | Class: <anonymous class> | Method: service | EntryType: servlet:service | Param[1]: response | Type: HttpServletResponse | ValueSpace: Unlimited"
"service","Framework: servlet | Class: <anonymous class> | Method: service | EntryType: servlet:service | Param[0]: request | Type: HttpServletRequest | ValueSpace: Unlimited"
"service","Framework: servlet | Class: <anonymous class> | Method: service | EntryType: servlet:service | Param[1]: response | Type: HttpServletResponse | ValueSpace: Unlimited"
"service","Framework: servlet | Class: <anonymous class> | Method: service | EntryType: servlet:service | Param[0]: request | Type: HttpServletRequest | ValueSpace: Unlimited"
"service","Framework: servlet | Class: <anonymous class> | Method: service | EntryType: servlet:service | Param[1]: response | Type: HttpServletResponse | ValueSpace: Unlimited"
"doGet","Framework: servlet | Class: <anonymous class> | Method: doGet | EntryType: servlet:doGet | Param[0]: req | Type: HttpServletRequest | ValueSpace: Unlimited"
"doGet","Framework: servlet | Class: <anonymous class> | Method: doGet | EntryType: servlet:doGet | Param[1]: resp | Type: HttpServletResponse | ValueSpace: Unlimited"
"doGet","Framework: servlet | Class: <anonymous class> | Method: doGet | EntryType: servlet:doGet | Param[0]: req | Type: HttpServletRequest | ValueSpace: Unlimited"
"doGet","Framework: servlet | Class: <anonymous class> | Method: doGet | EntryType: servlet:doGet | Param[1]: resp | Type: HttpServletResponse | ValueSpace: Unlimited"
"doGet","Framework: servlet | Class: <anonymous class> | Method: doGet | EntryType: servlet:doGet | Param[0]: req | Type: HttpServletRequest | ValueSpace: Unlimited"
"doGet","Framework: servlet | Class: <anonymous class> | Method: doGet | EntryType: servlet:doGet | Param[1]: resp | Type: HttpServletResponse | ValueSpace: Unlimited"
"doGet","Framework: servlet | Class: <anonymous class> | Method: doGet | EntryType: servlet:doGet | Param[0]: req | Type: HttpServletRequest | ValueSpace: Unlimited"
"doGet","Framework: servlet | Class: <anonymous class> | Method: doGet | EntryType: servlet:doGet | Param[1]: resp | Type: HttpServletResponse | ValueSpace: Unlimited"
"service","Framework: servlet | Class: <anonymous class> | Method: service | EntryType: servlet:service | Param[0]: req | Type: ServletRequest | ValueSpace: Unlimited"
"service","Framework: servlet | Class: <anonymous class> | Method: service | EntryType: servlet:service | Param[1]: res | Type: ServletResponse | ValueSpace: Unlimited"
